Counter,Timestamp,ActionName,InstanceName,Status,AdditionalInfo,TimeSinceStartMs
1,2025-09-08 12:42:43.605,PickUpHL,PickUpHL_lp1_fp1_r1,STARTED,"High-level execution with subtree: FF_Default_DynamicFlow_PickUpHL_lp1_fp1_r1; DeltaTime: 0.100",7.24
2,2025-09-08 12:42:47.539,PickUpHL,PickUpHL_lp1_fp1_r1,FAILED,"Subtree execution failed",3940.57
3,2025-09-08 12:42:48.393,PickUpHL,PickUpHL_lp2_fp9_r1,STARTED,"High-level execution with subtree: FF_Default_DynamicFlow_PickUpHL_lp2_fp9_r1; DeltaTime: 0.100",4794.66
4,2025-09-08 12:42:51.451,PickUpHL,PickUpHL_lp2_fp9_r1,FAILED,"Subtree execution failed",7852.67
5,2025-09-08 12:42:53.208,PickUpHL,PickUpHL_lp3_fp17_r1,STARTED,"High-level execution with subtree: FF_Default_DynamicFlow_PickUpHL_lp3_fp17_r1; DeltaTime: 0.100",9609.28
6,2025-09-08 12:42:56.426,PickUpHL,PickUpHL_lp3_fp17_r1,FAILED,"Subtree execution failed",12828.05
7,2025-09-08 12:42:58.047,PickUpHL,PickUpHL_lp4_fp25_r1,STARTED,"High-level execution with subtree: FF_Default_DynamicFlow_PickUpHL_lp4_fp25_r1; DeltaTime: 0.100",14448.27
8,2025-09-08 12:43:01.491,TravelML,TravelML_r1_pr2_ep1,STARTED,"Normal execution; DeltaTime: 0.100",17893.13
9,2025-09-08 12:43:01.494,TravelML,TravelML_r1_pr2_ep1,STARTED,"DeltaTime: 0.100",17895.91
10,2025-09-08 12:43:01.568,TravelML,TravelML_r1_pr2_ep1,COMPLETED,"Effects applied successfully",17969.96
11,2025-09-08 12:43:03.274,PickUpHL,PickUpHL_lp4_fp25_r1,STARTED,"High-level execution with subtree: FF_Default_DynamicFlow_PickUpHL_lp4_fp25_r1; DeltaTime: 0.100",19675.76
12,2025-09-08 12:43:03.540,EquipeML,EquipeML_r1_vg1_ep1,STARTED,"Normal execution; DeltaTime: 0.100",19941.44
13,2025-09-08 12:43:03.541,EquipeML,EquipeML_r1_vg1_ep1,STARTED,"DeltaTime: 0.100",19942.33
14,2025-09-08 12:43:03.720,EquipeML,EquipeML_r1_vg1_ep1,COMPLETED,"Effects applied successfully",20121.63
15,2025-09-08 12:43:05.287,PickUpHL,PickUpHL_lp4_fp25_r1,STARTED,"High-level execution with subtree: FF_Default_DynamicFlow_PickUpHL_lp4_fp25_r1; DeltaTime: 0.100",21688.98
16,2025-09-08 12:43:05.373,InitializeML,InitializeML_r1_vg1,STARTED,"Normal execution; DeltaTime: 0.100",21774.44
17,2025-09-08 12:43:05.373,InitializeML,InitializeML_r1_vg1,STARTED,"DeltaTime: 0.100",21775.12
18,2025-09-08 12:43:05.453,InitializeML,InitializeML_r1_vg1,COMPLETED,"Effects applied successfully",21854.42
19,2025-09-08 12:43:07.054,PickUpHL,PickUpHL_lp4_fp25_r1,STARTED,"High-level execution with subtree: FF_Default_DynamicFlow_PickUpHL_lp4_fp25_r1; DeltaTime: 0.100",23455.59
20,2025-09-08 12:43:07.227,TravelML,TravelML_r1_ep1_fp25,STARTED,"Normal execution; DeltaTime: 0.100",23628.79
21,2025-09-08 12:43:07.232,TravelML,TravelML_r1_ep1_fp25,STARTED,"DeltaTime: 0.100",23633.53
22,2025-09-08 12:43:07.445,TravelML,TravelML_r1_ep1_fp25,COMPLETED,"Effects applied successfully",23847.27
23,2025-09-08 12:43:09.559,PickUpHL,PickUpHL_lp4_fp25_r1,STARTED,"High-level execution with subtree: FF_Default_DynamicFlow_PickUpHL_lp4_fp25_r1; DeltaTime: 0.100",25960.80
24,2025-09-08 12:43:09.828,PickUpML,PickUpML_lp4_fp25_r1_vg1,STARTED,"Normal execution; DeltaTime: 0.100",26229.85
25,2025-09-08 12:43:09.833,PickUpML,PickUpML_lp4_fp25_r1_vg1,STARTED,"DeltaTime: 0.100",26234.90
26,2025-09-08 12:43:10.034,PickUpML,PickUpML_lp4_fp25_r1_vg1,COMPLETED,"Effects applied successfully",26435.77
27,2025-09-08 12:43:10.061,PickUpHL,PickUpHL_lp4_fp25_r1,COMPLETED,"Subtree execution completed successfully",26462.38
28,2025-09-08 12:43:11.497,PlaceHL,PlaceHL_lp4_pr4_r1,STARTED,"High-level execution with subtree: FF_Default_DynamicFlow_PlaceHL_lp4_pr4_r1; DeltaTime: 0.100",27898.38
29,2025-09-08 12:43:14.354,PlaceHL,PlaceHL_lp4_pr4_r1,FAILED,"Subtree execution failed",30755.39
30,2025-09-08 12:43:16.534,PickUpHL,PickUpHL_lp1_fp1_r1,STARTED,"High-level execution with subtree: FF_Default_DynamicFlow_PickUpHL_lp1_fp1_r1; DeltaTime: 0.100",32936.11
31,2025-09-08 12:43:19.558,PickUpHL,PickUpHL_lp1_fp1_r1,FAILED,"Subtree execution failed",35959.64
32,2025-09-08 12:43:20.869,PickUpHL,PickUpHL_lp2_fp9_r1,STARTED,"High-level execution with subtree: FF_Default_DynamicFlow_PickUpHL_lp2_fp9_r1; DeltaTime: 0.100",37270.89
33,2025-09-08 12:43:23.803,PickUpHL,PickUpHL_lp2_fp9_r1,FAILED,"Subtree execution failed",40204.75
34,2025-09-08 12:43:25.705,PickUpHL,PickUpHL_lp3_fp17_r1,STARTED,"High-level execution with subtree: FF_Default_DynamicFlow_PickUpHL_lp3_fp17_r1; DeltaTime: 0.100",42107.15
35,2025-09-08 12:43:28.747,PickUpHL,PickUpHL_lp3_fp17_r1,FAILED,"Subtree execution failed",45148.80
36,2025-09-08 12:43:30.776,PlaceHL,PlaceHL_lp4_pr4_r1,STARTED,"High-level execution with subtree: FF_Default_DynamicFlow_PlaceHL_lp4_pr4_r1; DeltaTime: 0.100",47177.88
37,2025-09-08 12:43:30.824,TravelML,TravelML_r1_fp25_pr4,STARTED,"Normal execution; DeltaTime: 0.100",47225.67
38,2025-09-08 12:43:30.825,TravelML,TravelML_r1_fp25_pr4,STARTED,"DeltaTime: 0.100",47226.74
39,2025-09-08 12:43:30.886,TravelML,TravelML_r1_fp25_pr4,COMPLETED,"Effects applied successfully",47287.79
40,2025-09-08 12:43:32.668,PlaceHL,PlaceHL_lp4_pr4_r1,STARTED,"High-level execution with subtree: FF_Default_DynamicFlow_PlaceHL_lp4_pr4_r1; DeltaTime: 0.100",49069.77
41,2025-09-08 12:43:32.834,PlaceML,PlaceML_lp4_pr4_r1_vg1,STARTED,"Normal execution; DeltaTime: 0.100",49236.22
42,2025-09-08 12:43:32.840,PlaceML,PlaceML_lp4_pr4_r1_vg1,STARTED,"DeltaTime: 0.100",49241.44
43,2025-09-08 12:43:33.085,PlaceML,PlaceML_lp4_pr4_r1_vg1,COMPLETED,"Effects applied successfully",49486.62
44,2025-09-08 12:43:33.116,PlaceHL,PlaceHL_lp4_pr4_r1,COMPLETED,"Subtree execution completed successfully",49517.72
45,2025-09-08 12:43:34.904,GluingPLateHL,GluingPlateHL_lp4_pr4_r1,STARTED,"High-level execution with subtree: FF_Default_DynamicFlow_GluingPlateHL_lp4_pr4_r1; DeltaTime: 0.100",51305.87
46,2025-09-08 12:43:38.192,GluingPLateHL,GluingPlateHL_lp4_pr4_r1,FAILED,"Subtree execution failed",54593.86
47,2025-09-08 12:43:40.084,PickUpHL,PickUpHL_lp1_fp1_r1,STARTED,"High-level execution with subtree: FF_Default_DynamicFlow_PickUpHL_lp1_fp1_r1; DeltaTime: 0.100",56485.44
48,2025-09-08 12:43:42.795,PickUpHL,PickUpHL_lp1_fp1_r1,FAILED,"Subtree execution failed",59196.51
49,2025-09-08 12:43:44.246,PickUpHL,PickUpHL_lp2_fp9_r1,STARTED,"High-level execution with subtree: FF_Default_DynamicFlow_PickUpHL_lp2_fp9_r1; DeltaTime: 0.100",60648.02
50,2025-09-08 12:43:47.595,PickUpHL,PickUpHL_lp2_fp9_r1,FAILED,"Subtree execution failed",63997.16
51,2025-09-08 12:43:48.661,PickUpHL,PickUpHL_lp3_fp17_r1,STARTED,"High-level execution with subtree: FF_Default_DynamicFlow_PickUpHL_lp3_fp17_r1; DeltaTime: 0.100",65062.38
52,2025-09-08 12:43:51.763,TravelML,TravelML_r1_pr4_fp17,STARTED,"Normal execution; DeltaTime: 0.100",68164.61
53,2025-09-08 12:43:51.764,TravelML,TravelML_r1_pr4_fp17,STARTED,"DeltaTime: 0.100",68165.51
54,2025-09-08 12:43:51.936,TravelML,TravelML_r1_pr4_fp17,COMPLETED,"Effects applied successfully",68337.52
55,2025-09-08 12:43:53.241,PickUpHL,PickUpHL_lp3_fp17_r1,STARTED,"High-level execution with subtree: FF_Default_DynamicFlow_PickUpHL_lp3_fp17_r1; DeltaTime: 0.100",69642.89
56,2025-09-08 12:43:53.345,PickUpML,PickUpML_lp3_fp17_r1_vg1,STARTED,"Normal execution; DeltaTime: 0.100",69746.74
57,2025-09-08 12:43:53.346,PickUpML,PickUpML_lp3_fp17_r1_vg1,STARTED,"DeltaTime: 0.100",69747.45
58,2025-09-08 12:43:53.449,PickUpML,PickUpML_lp3_fp17_r1_vg1,COMPLETED,"Effects applied successfully",69850.98
59,2025-09-08 12:43:53.461,PickUpHL,PickUpHL_lp3_fp17_r1,COMPLETED,"Subtree execution completed successfully",69862.70
60,2025-09-08 12:43:54.541,PlaceHL,PlaceHL_lp3_pr3_r1,STARTED,"High-level execution with subtree: FF_Default_DynamicFlow_PlaceHL_lp3_pr3_r1; DeltaTime: 0.100",70942.58
61,2025-09-08 12:43:57.374,PlaceHL,PlaceHL_lp3_pr3_r1,FAILED,"Subtree execution failed",73776.13
62,2025-09-08 12:43:58.688,GluingPLateHL,GluingPlateHL_lp4_pr4_r1,STARTED,"High-level execution with subtree: FF_Default_DynamicFlow_GluingPlateHL_lp4_pr4_r1; DeltaTime: 0.100",75090.13
63,2025-09-08 12:44:02.002,GluingPLateHL,GluingPlateHL_lp4_pr4_r1,FAILED,"Subtree execution failed",78404.13
64,2025-09-08 12:44:03.149,PickUpHL,PickUpHL_lp1_fp1_r1,STARTED,"High-level execution with subtree: FF_Default_DynamicFlow_PickUpHL_lp1_fp1_r1; DeltaTime: 0.100",79550.66
65,2025-09-08 12:44:06.691,PickUpHL,PickUpHL_lp1_fp1_r1,FAILED,"Subtree execution failed",83092.48
66,2025-09-08 12:44:06.998,PickUpHL,PickUpHL_lp2_fp9_r1,STARTED,"High-level execution with subtree: FF_Default_DynamicFlow_PickUpHL_lp2_fp9_r1; DeltaTime: 0.100",83400.19
67,2025-09-08 12:44:09.494,PickUpHL,PickUpHL_lp2_fp9_r1,FAILED,"Subtree execution failed",85895.58
68,2025-09-08 12:44:09.815,PlaceHL,PlaceHL_lp3_pr3_r1,STARTED,"High-level execution with subtree: FF_Default_DynamicFlow_PlaceHL_lp3_pr3_r1; DeltaTime: 0.100",86216.35
69,2025-09-08 12:44:09.832,TravelML,TravelML_r1_fp17_pr3,STARTED,"Normal execution; DeltaTime: 0.100",86234.06
70,2025-09-08 12:44:09.833,TravelML,TravelML_r1_fp17_pr3,STARTED,"DeltaTime: 0.100",86234.29
71,2025-09-08 12:44:09.850,TravelML,TravelML_r1_fp17_pr3,COMPLETED,"Effects applied successfully",86251.94
72,2025-09-08 12:44:10.167,PlaceHL,PlaceHL_lp3_pr3_r1,STARTED,"High-level execution with subtree: FF_Default_DynamicFlow_PlaceHL_lp3_pr3_r1; DeltaTime: 0.100",86568.53
73,2025-09-08 12:44:10.185,PlaceML,PlaceML_lp3_pr3_r1_vg1,STARTED,"Normal execution; DeltaTime: 0.100",86586.55
74,2025-09-08 12:44:10.185,PlaceML,PlaceML_lp3_pr3_r1_vg1,STARTED,"DeltaTime: 0.100",86586.77
75,2025-09-08 12:44:10.209,PlaceML,PlaceML_lp3_pr3_r1_vg1,COMPLETED,"Effects applied successfully",86610.59
76,2025-09-08 12:44:10.212,PlaceHL,PlaceHL_lp3_pr3_r1,COMPLETED,"Subtree execution completed successfully",86613.93
77,2025-09-08 12:44:10.527,GluingPLateHL,GluingPlateHL_lp3_pr3_r1,STARTED,"High-level execution with subtree: FF_Default_DynamicFlow_GluingPlateHL_lp3_pr3_r1; DeltaTime: 0.100",86928.51
78,2025-09-08 12:44:13.135,GluingPLateHL,GluingPlateHL_lp3_pr3_r1,FAILED,"Subtree execution failed",89537.26
79,2025-09-08 12:44:13.426,GluingPLateHL,GluingPlateHL_lp4_pr4_r1,STARTED,"High-level execution with subtree: FF_Default_DynamicFlow_GluingPlateHL_lp4_pr4_r1; DeltaTime: 0.100",89828.14
80,2025-09-08 12:44:16.280,GluingPLateHL,GluingPlateHL_lp4_pr4_r1,FAILED,"Subtree execution failed",92681.37
81,2025-09-08 12:44:16.748,PickUpHL,PickUpHL_lp1_fp1_r1,STARTED,"High-level execution with subtree: FF_Default_DynamicFlow_PickUpHL_lp1_fp1_r1; DeltaTime: 0.100",93149.74
82,2025-09-08 12:44:19.265,PickUpHL,PickUpHL_lp1_fp1_r1,FAILED,"Subtree execution failed",95666.81
83,2025-09-08 12:44:19.570,PickUpHL,PickUpHL_lp2_fp9_r1,STARTED,"High-level execution with subtree: FF_Default_DynamicFlow_PickUpHL_lp2_fp9_r1; DeltaTime: 0.100",95971.84
84,2025-09-08 12:44:22.396,TravelML,TravelML_r1_pr3_fp9,STARTED,"Normal execution; DeltaTime: 0.100",98797.85
85,2025-09-08 12:44:22.396,TravelML,TravelML_r1_pr3_fp9,STARTED,"DeltaTime: 0.100",98798.05
86,2025-09-08 12:44:22.413,TravelML,TravelML_r1_pr3_fp9,COMPLETED,"Effects applied successfully",98814.96
87,2025-09-08 12:44:22.720,PickUpHL,PickUpHL_lp2_fp9_r1,STARTED,"High-level execution with subtree: FF_Default_DynamicFlow_PickUpHL_lp2_fp9_r1; DeltaTime: 0.100",99122.00
88,2025-09-08 12:44:22.736,PickUpML,PickUpML_lp2_fp9_r1_vg1,STARTED,"Normal execution; DeltaTime: 0.100",99137.43
89,2025-09-08 12:44:22.736,PickUpML,PickUpML_lp2_fp9_r1_vg1,STARTED,"DeltaTime: 0.100",99137.70
90,2025-09-08 12:44:22.757,PickUpML,PickUpML_lp2_fp9_r1_vg1,COMPLETED,"Effects applied successfully",99158.29
91,2025-09-08 12:44:22.761,PickUpHL,PickUpHL_lp2_fp9_r1,COMPLETED,"Subtree execution completed successfully",99162.53
92,2025-09-08 12:44:23.058,PlaceHL,PlaceHL_lp2_pr2_r1,STARTED,"High-level execution with subtree: FF_Default_DynamicFlow_PlaceHL_lp2_pr2_r1; DeltaTime: 0.100",99459.27
93,2025-09-08 12:44:25.750,PlaceHL,PlaceHL_lp2_pr2_r1,FAILED,"Subtree execution failed",102151.76
94,2025-09-08 12:44:26.040,GluingPLateHL,GluingPlateHL_lp3_pr3_r1,STARTED,"High-level execution with subtree: FF_Default_DynamicFlow_GluingPlateHL_lp3_pr3_r1; DeltaTime: 0.100",102441.43
95,2025-09-08 12:44:28.972,GluingPLateHL,GluingPlateHL_lp3_pr3_r1,FAILED,"Subtree execution failed",105373.95
96,2025-09-08 12:44:29.281,GluingPLateHL,GluingPlateHL_lp4_pr4_r1,STARTED,"High-level execution with subtree: FF_Default_DynamicFlow_GluingPlateHL_lp4_pr4_r1; DeltaTime: 0.100",105683.08
97,2025-09-08 12:44:32.053,GluingPLateHL,GluingPlateHL_lp4_pr4_r1,FAILED,"Subtree execution failed",108454.41
98,2025-09-08 12:44:32.526,PickUpHL,PickUpHL_lp1_fp1_r1,STARTED,"High-level execution with subtree: FF_Default_DynamicFlow_PickUpHL_lp1_fp1_r1; DeltaTime: 0.100",108927.78
99,2025-09-08 12:44:35.138,PickUpHL,PickUpHL_lp1_fp1_r1,FAILED,"Subtree execution failed",111539.80
100,2025-09-08 12:44:35.456,PlaceHL,PlaceHL_lp2_pr2_r1,STARTED,"High-level execution with subtree: FF_Default_DynamicFlow_PlaceHL_lp2_pr2_r1; DeltaTime: 0.100",111857.95
101,2025-09-08 12:44:35.476,TravelML,TravelML_r1_fp9_pr2,STARTED,"Normal execution; DeltaTime: 0.100",111878.16
102,2025-09-08 12:44:35.477,TravelML,TravelML_r1_fp9_pr2,STARTED,"DeltaTime: 0.100",111878.41
103,2025-09-08 12:44:35.495,TravelML,TravelML_r1_fp9_pr2,COMPLETED,"Effects applied successfully",111897.08
104,2025-09-08 12:44:35.843,PlaceHL,PlaceHL_lp2_pr2_r1,STARTED,"High-level execution with subtree: FF_Default_DynamicFlow_PlaceHL_lp2_pr2_r1; DeltaTime: 0.100",112245.02
105,2025-09-08 12:44:35.859,PlaceML,PlaceML_lp2_pr2_r1_vg1,STARTED,"Normal execution; DeltaTime: 0.100",112261.19
106,2025-09-08 12:44:35.860,PlaceML,PlaceML_lp2_pr2_r1_vg1,STARTED,"DeltaTime: 0.100",112261.56
107,2025-09-08 12:44:35.880,PlaceML,PlaceML_lp2_pr2_r1_vg1,COMPLETED,"Effects applied successfully",112282.07
108,2025-09-08 12:44:35.883,PlaceHL,PlaceHL_lp2_pr2_r1,COMPLETED,"Subtree execution completed successfully",112284.37
109,2025-09-08 12:44:37.730,GluingPLateHL,GluingPlateHL_lp2_pr2_r1,STARTED,"High-level execution with subtree: FF_Default_DynamicFlow_GluingPlateHL_lp2_pr2_r1; DeltaTime: 0.100",114131.43
110,2025-09-08 12:44:40.293,GluingPLateHL,GluingPlateHL_lp2_pr2_r1,FAILED,"Subtree execution failed",116694.65
111,2025-09-08 12:44:40.597,GluingPLateHL,GluingPlateHL_lp3_pr3_r1,STARTED,"High-level execution with subtree: FF_Default_DynamicFlow_GluingPlateHL_lp3_pr3_r1; DeltaTime: 0.100",116998.40
112,2025-09-08 12:44:43.209,GluingPLateHL,GluingPlateHL_lp3_pr3_r1,FAILED,"Subtree execution failed",119610.74
113,2025-09-08 12:44:43.506,GluingPLateHL,GluingPlateHL_lp4_pr4_r1,STARTED,"High-level execution with subtree: FF_Default_DynamicFlow_GluingPlateHL_lp4_pr4_r1; DeltaTime: 0.100",119907.49
114,2025-09-08 12:44:46.196,GluingPLateHL,GluingPlateHL_lp4_pr4_r1,FAILED,"Subtree execution failed",122597.39
115,2025-09-08 12:44:46.673,PickUpHL,PickUpHL_lp1_fp1_r1,STARTED,"High-level execution with subtree: FF_Default_DynamicFlow_PickUpHL_lp1_fp1_r1; DeltaTime: 0.100",123074.64
116,2025-09-08 12:44:49.255,TravelML,TravelML_r1_pr2_fp1,STARTED,"Normal execution; DeltaTime: 0.100",125656.44
117,2025-09-08 12:44:49.255,TravelML,TravelML_r1_pr2_fp1,STARTED,"DeltaTime: 0.100",125656.66
118,2025-09-08 12:44:49.273,TravelML,TravelML_r1_pr2_fp1,COMPLETED,"Effects applied successfully",125675.12
119,2025-09-08 12:44:49.599,PickUpHL,PickUpHL_lp1_fp1_r1,STARTED,"High-level execution with subtree: FF_Default_DynamicFlow_PickUpHL_lp1_fp1_r1; DeltaTime: 0.100",126000.91
120,2025-09-08 12:44:49.616,PickUpML,PickUpML_lp1_fp1_r1_vg1,STARTED,"Normal execution; DeltaTime: 0.100",126017.80
121,2025-09-08 12:44:49.616,PickUpML,PickUpML_lp1_fp1_r1_vg1,STARTED,"DeltaTime: 0.100",126018.00
122,2025-09-08 12:44:49.637,PickUpML,PickUpML_lp1_fp1_r1_vg1,COMPLETED,"Effects applied successfully",126038.57
123,2025-09-08 12:44:49.640,PickUpHL,PickUpHL_lp1_fp1_r1,COMPLETED,"Subtree execution completed successfully",126041.71
124,2025-09-08 12:44:50.002,PlaceHL,PlaceHL_lp1_pr1_r1,STARTED,"High-level execution with subtree: FF_Default_DynamicFlow_PlaceHL_lp1_pr1_r1; DeltaTime: 0.100",126403.31
125,2025-09-08 12:44:52.524,PlaceHL,PlaceHL_lp1_pr1_r1,FAILED,"Subtree execution failed",128925.85
126,2025-09-08 12:44:52.832,GluingPLateHL,GluingPlateHL_lp2_pr2_r1,STARTED,"High-level execution with subtree: FF_Default_DynamicFlow_GluingPlateHL_lp2_pr2_r1; DeltaTime: 0.100",129234.05
127,2025-09-08 12:44:55.692,GluingPLateHL,GluingPlateHL_lp2_pr2_r1,FAILED,"Subtree execution failed",132093.54
128,2025-09-08 12:44:56.011,GluingPLateHL,GluingPlateHL_lp3_pr3_r1,STARTED,"High-level execution with subtree: FF_Default_DynamicFlow_GluingPlateHL_lp3_pr3_r1; DeltaTime: 0.100",132412.93
129,2025-09-08 12:44:58.951,GluingPLateHL,GluingPlateHL_lp3_pr3_r1,FAILED,"Subtree execution failed",135352.79
130,2025-09-08 12:44:59.281,GluingPLateHL,GluingPlateHL_lp4_pr4_r1,STARTED,"High-level execution with subtree: FF_Default_DynamicFlow_GluingPlateHL_lp4_pr4_r1; DeltaTime: 0.100",135682.72
131,2025-09-08 12:45:02.331,GluingPLateHL,GluingPlateHL_lp4_pr4_r1,FAILED,"Subtree execution failed",138732.46
132,2025-09-08 12:45:02.902,PlaceHL,PlaceHL_lp1_pr1_r1,STARTED,"High-level execution with subtree: FF_Default_DynamicFlow_PlaceHL_lp1_pr1_r1; DeltaTime: 0.100",139303.68
133,2025-09-08 12:45:02.918,TravelML,TravelML_r1_fp1_pr1,STARTED,"Normal execution; DeltaTime: 0.100",139319.31
134,2025-09-08 12:45:02.918,TravelML,TravelML_r1_fp1_pr1,STARTED,"DeltaTime: 0.100",139319.51
135,2025-09-08 12:45:02.935,TravelML,TravelML_r1_fp1_pr1,COMPLETED,"Effects applied successfully",139336.90
136,2025-09-08 12:45:03.257,PlaceHL,PlaceHL_lp1_pr1_r1,STARTED,"High-level execution with subtree: FF_Default_DynamicFlow_PlaceHL_lp1_pr1_r1; DeltaTime: 0.100",139658.57
137,2025-09-08 12:45:03.272,PlaceML,PlaceML_lp1_pr1_r1_vg1,STARTED,"Normal execution; DeltaTime: 0.100",139673.92
138,2025-09-08 12:45:03.272,PlaceML,PlaceML_lp1_pr1_r1_vg1,STARTED,"DeltaTime: 0.100",139674.10
139,2025-09-08 12:45:03.298,PlaceML,PlaceML_lp1_pr1_r1_vg1,COMPLETED,"Effects applied successfully",139699.92
140,2025-09-08 12:45:03.301,PlaceHL,PlaceHL_lp1_pr1_r1,COMPLETED,"Subtree execution completed successfully",139703.21
141,2025-09-08 12:45:03.631,GluingPLateHL,GluingPlateHL_lp1_pr1_r1,STARTED,"High-level execution with subtree: FF_Default_DynamicFlow_GluingPlateHL_lp1_pr1_r1; DeltaTime: 0.100",140032.77
142,2025-09-08 12:45:06.532,GluingPLateHL,GluingPlateHL_lp1_pr1_r1,FAILED,"Subtree execution failed",142933.75
143,2025-09-08 12:45:06.843,GluingPLateHL,GluingPlateHL_lp2_pr2_r1,STARTED,"High-level execution with subtree: FF_Default_DynamicFlow_GluingPlateHL_lp2_pr2_r1; DeltaTime: 0.100",143245.08
144,2025-09-08 12:45:09.489,GluingPLateHL,GluingPlateHL_lp2_pr2_r1,FAILED,"Subtree execution failed",145890.46
145,2025-09-08 12:45:09.866,GluingPLateHL,GluingPlateHL_lp3_pr3_r1,STARTED,"High-level execution with subtree: FF_Default_DynamicFlow_GluingPlateHL_lp3_pr3_r1; DeltaTime: 0.100",146268.26
146,2025-09-08 12:45:12.605,GluingPLateHL,GluingPlateHL_lp3_pr3_r1,FAILED,"Subtree execution failed",149006.63
147,2025-09-08 12:45:12.994,GluingPLateHL,GluingPlateHL_lp4_pr4_r1,STARTED,"High-level execution with subtree: FF_Default_DynamicFlow_GluingPlateHL_lp4_pr4_r1; DeltaTime: 0.100",149396.24
148,2025-09-08 12:45:15.869,TravelML,TravelML_r1_pr1_ep1,STARTED,"Normal execution; DeltaTime: 0.100",152270.82
149,2025-09-08 12:45:15.869,TravelML,TravelML_r1_pr1_ep1,STARTED,"DeltaTime: 0.100",152271.04
150,2025-09-08 12:45:15.893,TravelML,TravelML_r1_pr1_ep1,COMPLETED,"Effects applied successfully",152295.03
151,2025-09-08 12:45:16.302,GluingPLateHL,GluingPlateHL_lp4_pr4_r1,STARTED,"High-level execution with subtree: FF_Default_DynamicFlow_GluingPlateHL_lp4_pr4_r1; DeltaTime: 0.100",152704.25
152,2025-09-08 12:45:16.349,CloseToolML,CloseToolML_r1_vg1,STARTED,"Normal execution; DeltaTime: 0.100",152750.35
153,2025-09-08 12:45:16.349,CloseToolML,CloseToolML_r1_vg1,STARTED,"DeltaTime: 0.100",152750.60
154,2025-09-08 12:45:16.369,CloseToolML,CloseToolML_r1_vg1,COMPLETED,"Effects applied successfully",152770.40
155,2025-09-08 12:45:16.766,GluingPLateHL,GluingPlateHL_lp4_pr4_r1,STARTED,"High-level execution with subtree: FF_Default_DynamicFlow_GluingPlateHL_lp4_pr4_r1; DeltaTime: 0.100",153167.56
156,2025-09-08 12:45:16.810,DeequipML,DeequipML_r1_vg1_ep1,STARTED,"Normal execution; DeltaTime: 0.100",153211.35
157,2025-09-08 12:45:16.810,DeequipML,DeequipML_r1_vg1_ep1,STARTED,"DeltaTime: 0.100",153211.61
158,2025-09-08 12:45:16.836,DeequipML,DeequipML_r1_vg1_ep1,COMPLETED,"Effects applied successfully",153237.64
159,2025-09-08 12:45:17.188,GluingPLateHL,GluingPlateHL_lp4_pr4_r1,STARTED,"High-level execution with subtree: FF_Default_DynamicFlow_GluingPlateHL_lp4_pr4_r1; DeltaTime: 0.100",153589.31
160,2025-09-08 12:45:17.221,TravelML,TravelML_r1_ep1_ep2,STARTED,"Normal execution; DeltaTime: 0.100",153623.16
161,2025-09-08 12:45:17.222,TravelML,TravelML_r1_ep1_ep2,STARTED,"DeltaTime: 0.100",153623.37
162,2025-09-08 12:45:17.239,TravelML,TravelML_r1_ep1_ep2,COMPLETED,"Effects applied successfully",153641.26
163,2025-09-08 12:45:17.604,GluingPLateHL,GluingPlateHL_lp4_pr4_r1,STARTED,"High-level execution with subtree: FF_Default_DynamicFlow_GluingPlateHL_lp4_pr4_r1; DeltaTime: 0.100",154005.98
164,2025-09-08 12:45:17.635,EquipeML,EquipeML_r1_gg1_ep2,STARTED,"Normal execution; DeltaTime: 0.100",154036.30
165,2025-09-08 12:45:17.635,EquipeML,EquipeML_r1_gg1_ep2,STARTED,"DeltaTime: 0.100",154036.47
166,2025-09-08 12:45:17.655,EquipeML,EquipeML_r1_gg1_ep2,COMPLETED,"Effects applied successfully",154056.73
167,2025-09-08 12:46:57.681,GluingPLateHL,GluingPlateHL_lp4_pr4_r1,STARTED,"High-level execution with subtree: FF_Default_DynamicFlow_GluingPlateHL_lp4_pr4_r1; DeltaTime: 0.100",254082.62
168,2025-09-08 12:46:57.714,TravelML,TravelML_r1_ep2_pr4,STARTED,"Normal execution; DeltaTime: 0.100",254115.56
169,2025-09-08 12:46:57.714,TravelML,TravelML_r1_ep2_pr4,STARTED,"DeltaTime: 0.100",254115.79
170,2025-09-08 12:46:57.733,TravelML,TravelML_r1_ep2_pr4,COMPLETED,"Effects applied successfully",254134.63
171,2025-09-08 12:47:57.483,GluingPLateHL,GluingPlateHL_lp4_pr4_r1,STARTED,"High-level execution with subtree: FF_Default_DynamicFlow_GluingPlateHL_lp4_pr4_r1; DeltaTime: 0.100",313884.39
172,2025-09-08 12:47:57.517,InitializeML,InitializeML_r1_gg1,STARTED,"Normal execution; DeltaTime: 0.100",313918.82
173,2025-09-08 12:47:57.517,InitializeML,InitializeML_r1_gg1,STARTED,"DeltaTime: 0.100",313919.04
174,2025-09-08 12:47:57.533,InitializeML,InitializeML_r1_gg1,COMPLETED,"Effects applied successfully",313934.50
175,2025-09-08 12:47:57.882,GluingPLateHL,GluingPlateHL_lp4_pr4_r1,STARTED,"High-level execution with subtree: FF_Default_DynamicFlow_GluingPlateHL_lp4_pr4_r1; DeltaTime: 0.100",314283.52
176,2025-09-08 12:47:57.914,GluingML,GluingML_lp4_pr4_r1_gg1,STARTED,"Normal execution; DeltaTime: 0.100",314315.36
177,2025-09-08 12:47:57.914,GluingML,GluingML_lp4_pr4_r1_gg1,STARTED,"DeltaTime: 0.100",314315.56
178,2025-09-08 12:47:57.929,GluingML,GluingML_lp4_pr4_r1_gg1,COMPLETED,"Effects applied successfully",314331.15
179,2025-09-08 12:47:57.934,GluingPLateHL,GluingPlateHL_lp4_pr4_r1,COMPLETED,"Subtree execution completed successfully",314336.13
180,2025-09-08 12:47:58.256,PickUpHL,PickUpHL_b21_fp28_r1,STARTED,"High-level execution with subtree: FF_Default_DynamicFlow_PickUpHL_b21_fp28_r1; DeltaTime: 0.100",314657.66
181,2025-09-08 12:48:00.890,PickUpHL,PickUpHL_b21_fp28_r1,FAILED,"Subtree execution failed",317292.14
182,2025-09-08 12:48:01.375,GluingPLateHL,GluingPlateHL_lp1_pr1_r1,STARTED,"High-level execution with subtree: FF_Default_DynamicFlow_GluingPlateHL_lp1_pr1_r1; DeltaTime: 0.100",317776.87
183,2025-09-08 12:48:03.914,GluingPLateHL,GluingPlateHL_lp1_pr1_r1,FAILED,"Subtree execution failed",320315.44
184,2025-09-08 12:48:04.235,GluingPLateHL,GluingPlateHL_lp2_pr2_r1,STARTED,"High-level execution with subtree: FF_Default_DynamicFlow_GluingPlateHL_lp2_pr2_r1; DeltaTime: 0.100",320636.82
185,2025-09-08 12:48:07.037,GluingPLateHL,GluingPlateHL_lp2_pr2_r1,FAILED,"Subtree execution failed",323438.42
186,2025-09-08 12:48:07.334,GluingPLateHL,GluingPlateHL_lp3_pr3_r1,STARTED,"High-level execution with subtree: FF_Default_DynamicFlow_GluingPlateHL_lp3_pr3_r1; DeltaTime: 0.100",323735.55
187,2025-09-08 12:48:09.902,TravelML,TravelML_r1_pr4_pr3,STARTED,"Normal execution; DeltaTime: 0.100",326303.96
188,2025-09-08 12:48:09.902,TravelML,TravelML_r1_pr4_pr3,STARTED,"DeltaTime: 0.100",326304.19
189,2025-09-08 12:48:09.921,TravelML,TravelML_r1_pr4_pr3,COMPLETED,"Effects applied successfully",326322.52
190,2025-09-08 12:48:10.255,GluingPLateHL,GluingPlateHL_lp3_pr3_r1,STARTED,"High-level execution with subtree: FF_Default_DynamicFlow_GluingPlateHL_lp3_pr3_r1; DeltaTime: 0.100",326656.42
191,2025-09-08 12:48:10.273,GluingML,GluingML_lp3_pr3_r1_gg1,STARTED,"Normal execution; DeltaTime: 0.100",326674.43
192,2025-09-08 12:48:10.273,GluingML,GluingML_lp3_pr3_r1_gg1,STARTED,"DeltaTime: 0.100",326674.73
193,2025-09-08 12:48:10.290,GluingML,GluingML_lp3_pr3_r1_gg1,COMPLETED,"Effects applied successfully",326691.55
194,2025-09-08 12:48:10.293,GluingPLateHL,GluingPlateHL_lp3_pr3_r1,COMPLETED,"Subtree execution completed successfully",326694.52
195,2025-09-08 12:48:10.610,PickUpHL,PickUpHL_b15_fp20_r1,STARTED,"High-level execution with subtree: FF_Default_DynamicFlow_PickUpHL_b15_fp20_r1; DeltaTime: 0.100",327011.42
196,2025-09-08 12:48:13.205,PickUpHL,PickUpHL_b15_fp20_r1,FAILED,"Subtree execution failed",329606.49
197,2025-09-08 12:48:58.293,PickUpHL,PickUpHL_b21_fp28_r1,STARTED,"High-level execution with subtree: FF_Default_DynamicFlow_PickUpHL_b21_fp28_r1; DeltaTime: 0.100",374694.61
198,2025-09-08 12:49:00.989,PickUpHL,PickUpHL_b21_fp28_r1,FAILED,"Subtree execution failed",377390.61
199,2025-09-08 12:49:01.495,GluingPLateHL,GluingPlateHL_lp1_pr1_r1,STARTED,"High-level execution with subtree: FF_Default_DynamicFlow_GluingPlateHL_lp1_pr1_r1; DeltaTime: 0.100",377896.74
200,2025-09-08 12:49:04.146,GluingPLateHL,GluingPlateHL_lp1_pr1_r1,FAILED,"Subtree execution failed",380547.75
201,2025-09-08 12:49:04.444,GluingPLateHL,GluingPlateHL_lp2_pr2_r1,STARTED,"High-level execution with subtree: FF_Default_DynamicFlow_GluingPlateHL_lp2_pr2_r1; DeltaTime: 0.100",380846.24
202,2025-09-08 12:49:07.310,TravelML,TravelML_r1_pr3_pr2,STARTED,"Normal execution; DeltaTime: 0.100",383712.26
203,2025-09-08 12:49:07.311,TravelML,TravelML_r1_pr3_pr2,STARTED,"DeltaTime: 0.100",383712.55
204,2025-09-08 12:49:07.329,TravelML,TravelML_r1_pr3_pr2,COMPLETED,"Effects applied successfully",383731.16
205,2025-09-08 12:49:07.670,GluingPLateHL,GluingPlateHL_lp2_pr2_r1,STARTED,"High-level execution with subtree: FF_Default_DynamicFlow_GluingPlateHL_lp2_pr2_r1; DeltaTime: 0.100",384071.49
206,2025-09-08 12:49:07.699,GluingML,GluingML_lp2_pr2_r1_gg1,STARTED,"Normal execution; DeltaTime: 0.100",384100.99
207,2025-09-08 12:49:07.699,GluingML,GluingML_lp2_pr2_r1_gg1,STARTED,"DeltaTime: 0.100",384101.20
208,2025-09-08 12:49:07.715,GluingML,GluingML_lp2_pr2_r1_gg1,COMPLETED,"Effects applied successfully",384117.06
209,2025-09-08 12:49:07.718,GluingPLateHL,GluingPlateHL_lp2_pr2_r1,COMPLETED,"Subtree execution completed successfully",384119.92
210,2025-09-08 12:49:08.045,PickUpHL,PickUpHL_b9_fp12_r1,STARTED,"High-level execution with subtree: FF_Default_DynamicFlow_PickUpHL_b9_fp12_r1; DeltaTime: 0.100",384446.73
211,2025-09-08 12:49:10.683,PickUpHL,PickUpHL_b9_fp12_r1,FAILED,"Subtree execution failed",387084.56
212,2025-09-08 12:49:10.986,PickUpHL,PickUpHL_b15_fp20_r1,STARTED,"High-level execution with subtree: FF_Default_DynamicFlow_PickUpHL_b15_fp20_r1; DeltaTime: 0.100",387387.91
213,2025-09-08 12:49:13.576,PickUpHL,PickUpHL_b15_fp20_r1,FAILED,"Subtree execution failed",389977.98
214,2025-09-08 12:49:13.887,PickUpHL,PickUpHL_b21_fp28_r1,STARTED,"High-level execution with subtree: FF_Default_DynamicFlow_PickUpHL_b21_fp28_r1; DeltaTime: 0.100",390288.64
215,2025-09-08 12:49:16.920,PickUpHL,PickUpHL_b21_fp28_r1,FAILED,"Subtree execution failed",393321.98
216,2025-09-08 12:49:17.389,GluingPLateHL,GluingPlateHL_lp1_pr1_r1,STARTED,"High-level execution with subtree: FF_Default_DynamicFlow_GluingPlateHL_lp1_pr1_r1; DeltaTime: 0.100",393790.48
217,2025-09-08 12:49:20.257,TravelML,TravelML_r1_pr2_pr1,STARTED,"Normal execution; DeltaTime: 0.100",396658.70
218,2025-09-08 12:49:20.257,TravelML,TravelML_r1_pr2_pr1,STARTED,"DeltaTime: 0.100",396658.90
219,2025-09-08 12:49:20.274,TravelML,TravelML_r1_pr2_pr1,COMPLETED,"Effects applied successfully",396676.04
220,2025-09-08 12:49:20.628,GluingPLateHL,GluingPlateHL_lp1_pr1_r1,STARTED,"High-level execution with subtree: FF_Default_DynamicFlow_GluingPlateHL_lp1_pr1_r1; DeltaTime: 0.100",397030.00
221,2025-09-08 12:49:20.645,GluingML,GluingML_lp1_pr1_r1_gg1,STARTED,"Normal execution; DeltaTime: 0.100",397046.52
222,2025-09-08 12:49:20.645,GluingML,GluingML_lp1_pr1_r1_gg1,STARTED,"DeltaTime: 0.100",397046.74
223,2025-09-08 12:49:20.663,GluingML,GluingML_lp1_pr1_r1_gg1,COMPLETED,"Effects applied successfully",397064.59
224,2025-09-08 12:49:20.666,GluingPLateHL,GluingPlateHL_lp1_pr1_r1,COMPLETED,"Subtree execution completed successfully",397067.77
225,2025-09-08 12:49:21.002,PickUpHL,PickUpHL_b3_fp4_r1,STARTED,"High-level execution with subtree: FF_Default_DynamicFlow_PickUpHL_b3_fp4_r1; DeltaTime: 0.100",397403.61
226,2025-09-08 12:49:24.016,PickUpHL,PickUpHL_b3_fp4_r1,FAILED,"Subtree execution failed",400418.17
227,2025-09-08 12:49:24.319,PickUpHL,PickUpHL_b9_fp12_r1,STARTED,"High-level execution with subtree: FF_Default_DynamicFlow_PickUpHL_b9_fp12_r1; DeltaTime: 0.100",400720.62
228,2025-09-08 12:49:27.248,PickUpHL,PickUpHL_b9_fp12_r1,FAILED,"Subtree execution failed",403650.12
229,2025-09-08 12:49:27.571,PickUpHL,PickUpHL_b15_fp20_r1,STARTED,"High-level execution with subtree: FF_Default_DynamicFlow_PickUpHL_b15_fp20_r1; DeltaTime: 0.100",403972.76
230,2025-09-08 12:49:30.160,PickUpHL,PickUpHL_b15_fp20_r1,FAILED,"Subtree execution failed",406562.26
231,2025-09-08 12:49:30.518,PickUpHL,PickUpHL_b21_fp28_r1,STARTED,"High-level execution with subtree: FF_Default_DynamicFlow_PickUpHL_b21_fp28_r1; DeltaTime: 0.100",406920.11
232,2025-09-08 12:49:33.155,TravelML,TravelML_r1_pr1_ep2,STARTED,"Normal execution; DeltaTime: 0.100",409556.31
233,2025-09-08 12:49:33.155,TravelML,TravelML_r1_pr1_ep2,STARTED,"DeltaTime: 0.100",409556.51
234,2025-09-08 12:49:33.174,TravelML,TravelML_r1_pr1_ep2,COMPLETED,"Effects applied successfully",409575.52
235,2025-09-08 12:49:33.520,PickUpHL,PickUpHL_b21_fp28_r1,STARTED,"High-level execution with subtree: FF_Default_DynamicFlow_PickUpHL_b21_fp28_r1; DeltaTime: 0.100",409921.31
236,2025-09-08 12:49:33.553,CloseToolML,CloseToolML_r1_gg1,STARTED,"Normal execution; DeltaTime: 0.100",409955.11
237,2025-09-08 12:49:33.554,CloseToolML,CloseToolML_r1_gg1,STARTED,"DeltaTime: 0.100",409955.30
238,2025-09-08 12:49:33.569,CloseToolML,CloseToolML_r1_gg1,COMPLETED,"Effects applied successfully",409970.34
239,2025-09-08 12:49:33.903,PickUpHL,PickUpHL_b21_fp28_r1,STARTED,"High-level execution with subtree: FF_Default_DynamicFlow_PickUpHL_b21_fp28_r1; DeltaTime: 0.100",410304.28
240,2025-09-08 12:49:33.936,DeequipML,DeequipML_r1_gg1_ep2,STARTED,"Normal execution; DeltaTime: 0.100",410337.75
241,2025-09-08 12:49:33.936,DeequipML,DeequipML_r1_gg1_ep2,STARTED,"DeltaTime: 0.100",410337.94
242,2025-09-08 12:49:33.958,DeequipML,DeequipML_r1_gg1_ep2,COMPLETED,"Effects applied successfully",410359.76
243,2025-09-08 12:49:34.298,PickUpHL,PickUpHL_b21_fp28_r1,STARTED,"High-level execution with subtree: FF_Default_DynamicFlow_PickUpHL_b21_fp28_r1; DeltaTime: 0.100",410700.13
244,2025-09-08 12:49:34.331,TravelML,TravelML_r1_ep2_ep1,STARTED,"Normal execution; DeltaTime: 0.100",410732.66
245,2025-09-08 12:49:34.331,TravelML,TravelML_r1_ep2_ep1,STARTED,"DeltaTime: 0.100",410732.97
246,2025-09-08 12:49:34.349,TravelML,TravelML_r1_ep2_ep1,COMPLETED,"Effects applied successfully",410751.13
247,2025-09-08 12:49:34.705,PickUpHL,PickUpHL_b21_fp28_r1,STARTED,"High-level execution with subtree: FF_Default_DynamicFlow_PickUpHL_b21_fp28_r1; DeltaTime: 0.100",411106.35
248,2025-09-08 12:49:34.737,EquipeML,EquipeML_r1_vg1_ep1,STARTED,"Normal execution; DeltaTime: 0.100",411138.80
249,2025-09-08 12:49:34.738,EquipeML,EquipeML_r1_vg1_ep1,STARTED,"DeltaTime: 0.100",411139.30
250,2025-09-08 12:49:34.760,EquipeML,EquipeML_r1_vg1_ep1,COMPLETED,"Effects applied successfully",411161.70
251,2025-09-08 12:49:35.103,PickUpHL,PickUpHL_b21_fp28_r1,STARTED,"High-level execution with subtree: FF_Default_DynamicFlow_PickUpHL_b21_fp28_r1; DeltaTime: 0.100",411504.56
252,2025-09-08 12:49:35.138,InitializeML,InitializeML_r1_vg1,STARTED,"Normal execution; DeltaTime: 0.100",411539.31
253,2025-09-08 12:49:35.138,InitializeML,InitializeML_r1_vg1,STARTED,"DeltaTime: 0.100",411539.54
254,2025-09-08 12:49:35.153,InitializeML,InitializeML_r1_vg1,COMPLETED,"Effects applied successfully",411555.07
255,2025-09-08 12:49:35.503,PickUpHL,PickUpHL_b21_fp28_r1,STARTED,"High-level execution with subtree: FF_Default_DynamicFlow_PickUpHL_b21_fp28_r1; DeltaTime: 0.100",411904.63
256,2025-09-08 12:49:35.537,TravelML,TravelML_r1_ep1_fp28,STARTED,"Normal execution; DeltaTime: 0.100",411939.15
257,2025-09-08 12:49:35.538,TravelML,TravelML_r1_ep1_fp28,STARTED,"DeltaTime: 0.100",411939.39
258,2025-09-08 12:49:35.557,TravelML,TravelML_r1_ep1_fp28,COMPLETED,"Effects applied successfully",411958.72
259,2025-09-08 12:49:35.911,PickUpHL,PickUpHL_b21_fp28_r1,STARTED,"High-level execution with subtree: FF_Default_DynamicFlow_PickUpHL_b21_fp28_r1; DeltaTime: 0.100",412312.64
260,2025-09-08 12:49:35.942,PickUpML,PickUpML_b21_fp28_r1_vg1,STARTED,"Normal execution; DeltaTime: 0.100",412343.69
261,2025-09-08 12:49:35.942,PickUpML,PickUpML_b21_fp28_r1_vg1,STARTED,"DeltaTime: 0.100",412344.01
262,2025-09-08 12:49:35.964,PickUpML,PickUpML_b21_fp28_r1_vg1,COMPLETED,"Effects applied successfully",412365.36
263,2025-09-08 12:49:35.967,PickUpHL,PickUpHL_b21_fp28_r1,COMPLETED,"Subtree execution completed successfully",412368.64
264,2025-09-08 12:49:36.297,StackHL,StackHL_b21_lp4_r1_pr4_lay1_m4,STARTED,"High-level execution with subtree: FF_Default_DynamicFlow_StackHL_b21_lp4_r1_pr4_lay1_m4; DeltaTime: 0.100",412699.05
265,2025-09-08 12:49:38.954,StackHL,StackHL_b21_lp4_r1_pr4_lay1_m4,FAILED,"Subtree execution failed",415356.25
266,2025-09-08 12:49:39.467,PickUpHL,PickUpHL_b3_fp4_r1,STARTED,"High-level execution with subtree: FF_Default_DynamicFlow_PickUpHL_b3_fp4_r1; DeltaTime: 0.100",415869.15
267,2025-09-08 12:49:42.023,PickUpHL,PickUpHL_b3_fp4_r1,FAILED,"Subtree execution failed",418424.68
268,2025-09-08 12:49:42.336,PickUpHL,PickUpHL_b9_fp12_r1,STARTED,"High-level execution with subtree: FF_Default_DynamicFlow_PickUpHL_b9_fp12_r1; DeltaTime: 0.100",418738.26
269,2025-09-08 12:49:45.036,PickUpHL,PickUpHL_b9_fp12_r1,FAILED,"Subtree execution failed",421437.80
270,2025-09-08 12:49:45.371,PickUpHL,PickUpHL_b15_fp20_r1,STARTED,"High-level execution with subtree: FF_Default_DynamicFlow_PickUpHL_b15_fp20_r1; DeltaTime: 0.100",421772.35
271,2025-09-08 12:49:47.984,PickUpHL,PickUpHL_b15_fp20_r1,FAILED,"Subtree execution failed",424385.47
272,2025-09-08 12:49:48.321,StackHL,StackHL_b21_lp4_r1_pr4_lay1_m4,STARTED,"High-level execution with subtree: FF_Default_DynamicFlow_StackHL_b21_lp4_r1_pr4_lay1_m4; DeltaTime: 0.100",424722.62
273,2025-09-08 12:49:48.338,TravelML,TravelML_r1_fp28_pr4,STARTED,"Normal execution; DeltaTime: 0.100",424739.61
274,2025-09-08 12:49:48.338,TravelML,TravelML_r1_fp28_pr4,STARTED,"DeltaTime: 0.100",424739.82
275,2025-09-08 12:49:48.356,TravelML,TravelML_r1_fp28_pr4,COMPLETED,"Effects applied successfully",424757.87
276,2025-09-08 12:49:48.706,StackHL,StackHL_b21_lp4_r1_pr4_lay1_m4,STARTED,"High-level execution with subtree: FF_Default_DynamicFlow_StackHL_b21_lp4_r1_pr4_lay1_m4; DeltaTime: 0.100",425107.90
277,2025-09-08 12:49:48.723,StackML,StackML_b21_lp4_r1_vg1_pr4,STARTED,"Normal execution; DeltaTime: 0.100",425125.22
278,2025-09-08 12:49:48.724,StackML,StackML_b21_lp4_r1_vg1_pr4,STARTED,"DeltaTime: 0.100",425125.45
279,2025-09-08 12:49:48.755,StackML,StackML_b21_lp4_r1_vg1_pr4,COMPLETED,"Effects applied successfully",425157.25
280,2025-09-08 12:49:48.759,StackHL,StackHL_b21_lp4_r1_pr4_lay1_m4,COMPLETED,"Subtree execution completed successfully",425160.62
281,2025-09-08 12:49:49.090,PickUpHL,PickUpHL_b22_fp30_r1,STARTED,"High-level execution with subtree: FF_Default_DynamicFlow_PickUpHL_b22_fp30_r1; DeltaTime: 0.100",425492.21
282,2025-09-08 12:49:51.676,PickUpHL,PickUpHL_b22_fp30_r1,FAILED,"Subtree execution failed",428077.66
283,2025-09-08 12:49:52.175,PickUpHL,PickUpHL_b3_fp4_r1,STARTED,"High-level execution with subtree: FF_Default_DynamicFlow_PickUpHL_b3_fp4_r1; DeltaTime: 0.100",428577.07
284,2025-09-08 12:49:54.706,PickUpHL,PickUpHL_b3_fp4_r1,FAILED,"Subtree execution failed",431107.47
285,2025-09-08 12:49:55.018,PickUpHL,PickUpHL_b9_fp12_r1,STARTED,"High-level execution with subtree: FF_Default_DynamicFlow_PickUpHL_b9_fp12_r1; DeltaTime: 0.100",431420.26
286,2025-09-08 12:49:57.664,PickUpHL,PickUpHL_b9_fp12_r1,FAILED,"Subtree execution failed",434065.66
287,2025-09-08 12:49:58.035,PickUpHL,PickUpHL_b15_fp20_r1,STARTED,"High-level execution with subtree: FF_Default_DynamicFlow_PickUpHL_b15_fp20_r1; DeltaTime: 0.100",434436.58
288,2025-09-08 12:50:00.579,TravelML,TravelML_r1_pr4_fp20,STARTED,"Normal execution; DeltaTime: 0.100",436981.13
289,2025-09-08 12:50:00.580,TravelML,TravelML_r1_pr4_fp20,STARTED,"DeltaTime: 0.100",436981.35
290,2025-09-08 12:50:00.601,TravelML,TravelML_r1_pr4_fp20,COMPLETED,"Effects applied successfully",437002.44
291,2025-09-08 12:50:00.945,PickUpHL,PickUpHL_b15_fp20_r1,STARTED,"High-level execution with subtree: FF_Default_DynamicFlow_PickUpHL_b15_fp20_r1; DeltaTime: 0.100",437346.79
292,2025-09-08 12:50:00.961,PickUpML,PickUpML_b15_fp20_r1_vg1,STARTED,"Normal execution; DeltaTime: 0.100",437362.43
293,2025-09-08 12:50:00.961,PickUpML,PickUpML_b15_fp20_r1_vg1,STARTED,"DeltaTime: 0.100",437362.63
294,2025-09-08 12:50:00.984,PickUpML,PickUpML_b15_fp20_r1_vg1,COMPLETED,"Effects applied successfully",437385.59
295,2025-09-08 12:50:00.988,PickUpHL,PickUpHL_b15_fp20_r1,COMPLETED,"Subtree execution completed successfully",437389.34
296,2025-09-08 12:50:01.317,StackHL,StackHL_b15_lp3_r1_pr3_lay1_m3,STARTED,"High-level execution with subtree: FF_Default_DynamicFlow_StackHL_b15_lp3_r1_pr3_lay1_m3; DeltaTime: 0.100",437718.64
297,2025-09-08 12:50:03.877,StackHL,StackHL_b15_lp3_r1_pr3_lay1_m3,FAILED,"Subtree execution failed",440278.82
298,2025-09-08 12:50:04.187,PickUpHL,PickUpHL_b22_fp30_r1,STARTED,"High-level execution with subtree: FF_Default_DynamicFlow_PickUpHL_b22_fp30_r1; DeltaTime: 0.100",440589.02
299,2025-09-08 12:50:06.756,PickUpHL,PickUpHL_b22_fp30_r1,FAILED,"Subtree execution failed",443157.43
300,2025-09-08 12:50:07.260,PickUpHL,PickUpHL_b3_fp4_r1,STARTED,"High-level execution with subtree: FF_Default_DynamicFlow_PickUpHL_b3_fp4_r1; DeltaTime: 0.100",443662.06
301,2025-09-08 12:50:09.837,PickUpHL,PickUpHL_b3_fp4_r1,FAILED,"Subtree execution failed",446239.24
302,2025-09-08 12:50:10.142,PickUpHL,PickUpHL_b9_fp12_r1,STARTED,"High-level execution with subtree: FF_Default_DynamicFlow_PickUpHL_b9_fp12_r1; DeltaTime: 0.100",446543.75
303,2025-09-08 12:50:12.728,PickUpHL,PickUpHL_b9_fp12_r1,FAILED,"Subtree execution failed",449130.02
304,2025-09-08 12:50:13.061,StackHL,StackHL_b15_lp3_r1_pr3_lay1_m3,STARTED,"High-level execution with subtree: FF_Default_DynamicFlow_StackHL_b15_lp3_r1_pr3_lay1_m3; DeltaTime: 0.100",449463.02
305,2025-09-08 12:50:13.078,TravelML,TravelML_r1_fp20_pr3,STARTED,"Normal execution; DeltaTime: 0.100",449479.37
306,2025-09-08 12:50:13.078,TravelML,TravelML_r1_fp20_pr3,STARTED,"DeltaTime: 0.100",449479.64
307,2025-09-08 12:50:13.097,TravelML,TravelML_r1_fp20_pr3,COMPLETED,"Effects applied successfully",449498.42
308,2025-09-08 12:50:13.436,StackHL,StackHL_b15_lp3_r1_pr3_lay1_m3,STARTED,"High-level execution with subtree: FF_Default_DynamicFlow_StackHL_b15_lp3_r1_pr3_lay1_m3; DeltaTime: 0.100",449838.24
309,2025-09-08 12:50:13.453,StackML,StackML_b15_lp3_r1_vg1_pr3,STARTED,"Normal execution; DeltaTime: 0.100",449854.87
310,2025-09-08 12:50:13.453,StackML,StackML_b15_lp3_r1_vg1_pr3,STARTED,"DeltaTime: 0.100",449855.10
311,2025-09-08 12:50:13.487,StackML,StackML_b15_lp3_r1_vg1_pr3,COMPLETED,"Effects applied successfully",449888.41
312,2025-09-08 12:50:13.490,StackHL,StackHL_b15_lp3_r1_pr3_lay1_m3,COMPLETED,"Subtree execution completed successfully",449891.49
313,2025-09-08 12:50:13.823,PickUpHL,PickUpHL_b16_fp22_r1,STARTED,"High-level execution with subtree: FF_Default_DynamicFlow_PickUpHL_b16_fp22_r1; DeltaTime: 0.100",450224.89
314,2025-09-08 12:50:16.614,PickUpHL,PickUpHL_b16_fp22_r1,FAILED,"Subtree execution failed",453015.96
315,2025-09-08 12:50:16.914,PickUpHL,PickUpHL_b22_fp30_r1,STARTED,"High-level execution with subtree: FF_Default_DynamicFlow_PickUpHL_b22_fp30_r1; DeltaTime: 0.100",453316.05
316,2025-09-08 12:50:19.458,PickUpHL,PickUpHL_b22_fp30_r1,FAILED,"Subtree execution failed",455860.17
317,2025-09-08 12:50:19.943,PickUpHL,PickUpHL_b3_fp4_r1,STARTED,"High-level execution with subtree: FF_Default_DynamicFlow_PickUpHL_b3_fp4_r1; DeltaTime: 0.100",456344.50
318,2025-09-08 12:50:22.475,PickUpHL,PickUpHL_b3_fp4_r1,FAILED,"Subtree execution failed",458876.36
319,2025-09-08 12:50:22.782,PickUpHL,PickUpHL_b9_fp12_r1,STARTED,"High-level execution with subtree: FF_Default_DynamicFlow_PickUpHL_b9_fp12_r1; DeltaTime: 0.100",459183.78
320,2025-09-08 12:50:25.352,TravelML,TravelML_r1_pr3_fp12,STARTED,"Normal execution; DeltaTime: 0.100",461753.88
321,2025-09-08 12:50:25.352,TravelML,TravelML_r1_pr3_fp12,STARTED,"DeltaTime: 0.100",461754.12
322,2025-09-08 12:50:25.374,TravelML,TravelML_r1_pr3_fp12,COMPLETED,"Effects applied successfully",461776.27
323,2025-09-08 12:50:25.747,PickUpHL,PickUpHL_b9_fp12_r1,STARTED,"High-level execution with subtree: FF_Default_DynamicFlow_PickUpHL_b9_fp12_r1; DeltaTime: 0.100",462149.06
324,2025-09-08 12:50:25.763,PickUpML,PickUpML_b9_fp12_r1_vg1,STARTED,"Normal execution; DeltaTime: 0.100",462164.35
325,2025-09-08 12:50:25.763,PickUpML,PickUpML_b9_fp12_r1_vg1,STARTED,"DeltaTime: 0.100",462164.55
326,2025-09-08 12:50:25.785,PickUpML,PickUpML_b9_fp12_r1_vg1,COMPLETED,"Effects applied successfully",462186.77
327,2025-09-08 12:50:25.788,PickUpHL,PickUpHL_b9_fp12_r1,COMPLETED,"Subtree execution completed successfully",462189.90
328,2025-09-08 12:50:26.100,StackHL,StackHL_b9_lp2_r1_pr2_lay1_m2,STARTED,"High-level execution with subtree: FF_Default_DynamicFlow_StackHL_b9_lp2_r1_pr2_lay1_m2; DeltaTime: 0.100",462502.18
329,2025-09-08 12:50:28.948,StackHL,StackHL_b9_lp2_r1_pr2_lay1_m2,FAILED,"Subtree execution failed",465349.67
330,2025-09-08 12:50:29.240,PickUpHL,PickUpHL_b16_fp22_r1,STARTED,"High-level execution with subtree: FF_Default_DynamicFlow_PickUpHL_b16_fp22_r1; DeltaTime: 0.100",465641.46
331,2025-09-08 12:50:31.781,PickUpHL,PickUpHL_b16_fp22_r1,FAILED,"Subtree execution failed",468182.97
332,2025-09-08 12:50:32.098,PickUpHL,PickUpHL_b22_fp30_r1,STARTED,"High-level execution with subtree: FF_Default_DynamicFlow_PickUpHL_b22_fp30_r1; DeltaTime: 0.100",468499.54
333,2025-09-08 12:50:34.644,PickUpHL,PickUpHL_b22_fp30_r1,FAILED,"Subtree execution failed",471046.23
334,2025-09-08 12:50:35.122,PickUpHL,PickUpHL_b3_fp4_r1,STARTED,"High-level execution with subtree: FF_Default_DynamicFlow_PickUpHL_b3_fp4_r1; DeltaTime: 0.100",471524.06
335,2025-09-08 12:50:37.681,PickUpHL,PickUpHL_b3_fp4_r1,FAILED,"Subtree execution failed",474082.30
336,2025-09-08 12:50:37.999,StackHL,StackHL_b9_lp2_r1_pr2_lay1_m2,STARTED,"High-level execution with subtree: FF_Default_DynamicFlow_StackHL_b9_lp2_r1_pr2_lay1_m2; DeltaTime: 0.100",474400.79
337,2025-09-08 12:50:38.015,TravelML,TravelML_r1_fp12_pr2,STARTED,"Normal execution; DeltaTime: 0.100",474416.28
338,2025-09-08 12:50:38.015,TravelML,TravelML_r1_fp12_pr2,STARTED,"DeltaTime: 0.100",474416.69
339,2025-09-08 12:50:38.033,TravelML,TravelML_r1_fp12_pr2,COMPLETED,"Effects applied successfully",474435.03
340,2025-09-08 12:50:38.377,StackHL,StackHL_b9_lp2_r1_pr2_lay1_m2,STARTED,"High-level execution with subtree: FF_Default_DynamicFlow_StackHL_b9_lp2_r1_pr2_lay1_m2; DeltaTime: 0.100",474778.59
341,2025-09-08 12:50:38.392,StackML,StackML_b9_lp2_r1_vg1_pr2,STARTED,"Normal execution; DeltaTime: 0.100",474793.65
342,2025-09-08 12:50:38.392,StackML,StackML_b9_lp2_r1_vg1_pr2,STARTED,"DeltaTime: 0.100",474793.84
343,2025-09-08 12:50:38.420,StackML,StackML_b9_lp2_r1_vg1_pr2,COMPLETED,"Effects applied successfully",474821.64
344,2025-09-08 12:50:38.423,StackHL,StackHL_b9_lp2_r1_pr2_lay1_m2,COMPLETED,"Subtree execution completed successfully",474824.59
345,2025-09-08 12:50:38.756,PickUpHL,PickUpHL_b10_fp14_r1,STARTED,"High-level execution with subtree: FF_Default_DynamicFlow_PickUpHL_b10_fp14_r1; DeltaTime: 0.100",475158.14
346,2025-09-08 12:50:41.362,PickUpHL,PickUpHL_b10_fp14_r1,FAILED,"Subtree execution failed",477763.49
347,2025-09-08 12:50:41.664,PickUpHL,PickUpHL_b16_fp22_r1,STARTED,"High-level execution with subtree: FF_Default_DynamicFlow_PickUpHL_b16_fp22_r1; DeltaTime: 0.100",478065.46
348,2025-09-08 12:50:44.237,PickUpHL,PickUpHL_b16_fp22_r1,FAILED,"Subtree execution failed",480639.21
349,2025-09-08 12:50:44.547,PickUpHL,PickUpHL_b22_fp30_r1,STARTED,"High-level execution with subtree: FF_Default_DynamicFlow_PickUpHL_b22_fp30_r1; DeltaTime: 0.100",480948.64
350,2025-09-08 12:50:47.195,PickUpHL,PickUpHL_b22_fp30_r1,FAILED,"Subtree execution failed",483597.02
351,2025-09-08 12:50:47.694,PickUpHL,PickUpHL_b3_fp4_r1,STARTED,"High-level execution with subtree: FF_Default_DynamicFlow_PickUpHL_b3_fp4_r1; DeltaTime: 0.100",484095.58
352,2025-09-08 12:50:50.215,TravelML,TravelML_r1_pr2_fp4,STARTED,"Normal execution; DeltaTime: 0.100",486616.93
353,2025-09-08 12:50:50.215,TravelML,TravelML_r1_pr2_fp4,STARTED,"DeltaTime: 0.100",486617.15
354,2025-09-08 12:50:50.236,TravelML,TravelML_r1_pr2_fp4,COMPLETED,"Effects applied successfully",486637.33
355,2025-09-08 12:50:50.580,PickUpHL,PickUpHL_b3_fp4_r1,STARTED,"High-level execution with subtree: FF_Default_DynamicFlow_PickUpHL_b3_fp4_r1; DeltaTime: 0.100",486981.70
356,2025-09-08 12:50:50.593,PickUpML,PickUpML_b3_fp4_r1_vg1,STARTED,"Normal execution; DeltaTime: 0.100",486995.22
357,2025-09-08 12:50:50.594,PickUpML,PickUpML_b3_fp4_r1_vg1,STARTED,"DeltaTime: 0.100",486995.39
358,2025-09-08 12:50:50.614,PickUpML,PickUpML_b3_fp4_r1_vg1,COMPLETED,"Effects applied successfully",487016.19
359,2025-09-08 12:50:50.617,PickUpHL,PickUpHL_b3_fp4_r1,COMPLETED,"Subtree execution completed successfully",487018.67
360,2025-09-08 12:50:57.766,StackHL,StackHL_b3_lp1_r1_pr1_lay1_m1,STARTED,"High-level execution with subtree: FF_Default_DynamicFlow_StackHL_b3_lp1_r1_pr1_lay1_m1; DeltaTime: 0.100",494168.25
361,2025-09-08 12:51:00.416,StackHL,StackHL_b3_lp1_r1_pr1_lay1_m1,FAILED,"Subtree execution failed",496818.13
362,2025-09-08 12:51:00.751,PickUpHL,PickUpHL_b10_fp14_r1,STARTED,"High-level execution with subtree: FF_Default_DynamicFlow_PickUpHL_b10_fp14_r1; DeltaTime: 0.100",497152.95
363,2025-09-08 12:51:03.543,PickUpHL,PickUpHL_b10_fp14_r1,FAILED,"Subtree execution failed",499945.12
364,2025-09-08 12:51:03.877,PickUpHL,PickUpHL_b16_fp22_r1,STARTED,"High-level execution with subtree: FF_Default_DynamicFlow_PickUpHL_b16_fp22_r1; DeltaTime: 0.100",500279.02
365,2025-09-08 12:51:06.434,PickUpHL,PickUpHL_b16_fp22_r1,FAILED,"Subtree execution failed",502835.49
366,2025-09-08 12:51:06.772,PickUpHL,PickUpHL_b22_fp30_r1,STARTED,"High-level execution with subtree: FF_Default_DynamicFlow_PickUpHL_b22_fp30_r1; DeltaTime: 0.100",503173.79
367,2025-09-08 12:51:09.538,PickUpHL,PickUpHL_b22_fp30_r1,FAILED,"Subtree execution failed",505940.17
368,2025-09-08 12:51:10.119,StackHL,StackHL_b3_lp1_r1_pr1_lay1_m1,STARTED,"High-level execution with subtree: FF_Default_DynamicFlow_StackHL_b3_lp1_r1_pr1_lay1_m1; DeltaTime: 0.100",506520.99
369,2025-09-08 12:51:10.137,TravelML,TravelML_r1_fp4_pr1,STARTED,"Normal execution; DeltaTime: 0.100",506538.28
370,2025-09-08 12:51:10.137,TravelML,TravelML_r1_fp4_pr1,STARTED,"DeltaTime: 0.100",506538.49
371,2025-09-08 12:51:10.155,TravelML,TravelML_r1_fp4_pr1,COMPLETED,"Effects applied successfully",506557.16
372,2025-09-08 12:51:10.499,StackHL,StackHL_b3_lp1_r1_pr1_lay1_m1,STARTED,"High-level execution with subtree: FF_Default_DynamicFlow_StackHL_b3_lp1_r1_pr1_lay1_m1; DeltaTime: 0.100",506900.76
373,2025-09-08 12:51:10.515,StackML,StackML_b3_lp1_r1_vg1_pr1,STARTED,"Normal execution; DeltaTime: 0.100",506916.56
374,2025-09-08 12:51:10.515,StackML,StackML_b3_lp1_r1_vg1_pr1,STARTED,"DeltaTime: 0.100",506916.81
375,2025-09-08 12:51:10.543,StackML,StackML_b3_lp1_r1_vg1_pr1,COMPLETED,"Effects applied successfully",506944.79
376,2025-09-08 12:51:10.546,StackHL,StackHL_b3_lp1_r1_pr1_lay1_m1,COMPLETED,"Subtree execution completed successfully",506947.68
377,2025-09-08 12:51:10.876,PickUpHL,PickUpHL_b4_fp6_r1,STARTED,"High-level execution with subtree: FF_Default_DynamicFlow_PickUpHL_b4_fp6_r1; DeltaTime: 0.100",507277.87
378,2025-09-08 12:51:13.464,PickUpHL,PickUpHL_b4_fp6_r1,FAILED,"Subtree execution failed",509865.40
379,2025-09-08 12:51:13.793,PickUpHL,PickUpHL_b10_fp14_r1,STARTED,"High-level execution with subtree: FF_Default_DynamicFlow_PickUpHL_b10_fp14_r1; DeltaTime: 0.100",510194.33
380,2025-09-08 12:51:16.301,PickUpHL,PickUpHL_b10_fp14_r1,FAILED,"Subtree execution failed",512702.68
381,2025-09-08 12:51:16.640,PickUpHL,PickUpHL_b16_fp22_r1,STARTED,"High-level execution with subtree: FF_Default_DynamicFlow_PickUpHL_b16_fp22_r1; DeltaTime: 0.100",513041.82
382,2025-09-08 12:51:19.309,PickUpHL,PickUpHL_b16_fp22_r1,FAILED,"Subtree execution failed",515710.71
383,2025-09-08 12:51:19.658,PickUpHL,PickUpHL_b22_fp30_r1,STARTED,"High-level execution with subtree: FF_Default_DynamicFlow_PickUpHL_b22_fp30_r1; DeltaTime: 0.100",516060.04
384,2025-09-08 12:51:22.216,TravelML,TravelML_r1_pr1_fp30,STARTED,"Normal execution; DeltaTime: 0.100",518617.88
385,2025-09-08 12:51:22.216,TravelML,TravelML_r1_pr1_fp30,STARTED,"DeltaTime: 0.100",518618.14
386,2025-09-08 12:51:22.237,TravelML,TravelML_r1_pr1_fp30,COMPLETED,"Effects applied successfully",518638.69
387,2025-09-08 12:51:57.926,PickUpHL,PickUpHL_b22_fp30_r1,STARTED,"High-level execution with subtree: FF_Default_DynamicFlow_PickUpHL_b22_fp30_r1; DeltaTime: 0.100",554327.44
388,2025-09-08 12:51:57.943,PickUpML,PickUpML_b22_fp30_r1_vg1,STARTED,"Normal execution; DeltaTime: 0.100",554344.98
389,2025-09-08 12:51:57.943,PickUpML,PickUpML_b22_fp30_r1_vg1,STARTED,"DeltaTime: 0.100",554345.24
390,2025-09-08 12:51:57.971,PickUpML,PickUpML_b22_fp30_r1_vg1,COMPLETED,"Effects applied successfully",554372.41
391,2025-09-08 12:51:57.975,PickUpHL,PickUpHL_b22_fp30_r1,COMPLETED,"Subtree execution completed successfully",554376.63
392,2025-09-08 12:51:58.328,StackHL,StackHL_b22_lp4_r1_pr4_lay1_m4,STARTED,"High-level execution with subtree: FF_Default_DynamicFlow_StackHL_b22_lp4_r1_pr4_lay1_m4; DeltaTime: 0.100",554729.45
393,2025-09-08 12:52:00.869,StackHL,StackHL_b22_lp4_r1_pr4_lay1_m4,FAILED,"Subtree execution failed",557270.94
394,2025-09-08 12:52:01.348,PickUpHL,PickUpHL_b4_fp6_r1,STARTED,"High-level execution with subtree: FF_Default_DynamicFlow_PickUpHL_b4_fp6_r1; DeltaTime: 0.100",557749.30
395,2025-09-08 12:52:03.883,PickUpHL,PickUpHL_b4_fp6_r1,FAILED,"Subtree execution failed",560284.41
396,2025-09-08 12:52:04.210,PickUpHL,PickUpHL_b10_fp14_r1,STARTED,"High-level execution with subtree: FF_Default_DynamicFlow_PickUpHL_b10_fp14_r1; DeltaTime: 0.100",560611.45
397,2025-09-08 12:52:06.858,PickUpHL,PickUpHL_b10_fp14_r1,FAILED,"Subtree execution failed",563259.67
398,2025-09-08 12:52:07.190,PickUpHL,PickUpHL_b16_fp22_r1,STARTED,"High-level execution with subtree: FF_Default_DynamicFlow_PickUpHL_b16_fp22_r1; DeltaTime: 0.100",563591.73
399,2025-09-08 12:52:09.822,PickUpHL,PickUpHL_b16_fp22_r1,FAILED,"Subtree execution failed",566224.25
400,2025-09-08 12:52:10.181,StackHL,StackHL_b22_lp4_r1_pr4_lay1_m4,STARTED,"High-level execution with subtree: FF_Default_DynamicFlow_StackHL_b22_lp4_r1_pr4_lay1_m4; DeltaTime: 0.100",566582.58
401,2025-09-08 12:52:10.196,TravelML,TravelML_r1_fp30_pr4,STARTED,"Normal execution; DeltaTime: 0.100",566597.88
402,2025-09-08 12:52:10.196,TravelML,TravelML_r1_fp30_pr4,STARTED,"DeltaTime: 0.100",566598.10
403,2025-09-08 12:52:10.217,TravelML,TravelML_r1_fp30_pr4,COMPLETED,"Effects applied successfully",566618.36
404,2025-09-08 12:52:10.560,StackHL,StackHL_b22_lp4_r1_pr4_lay1_m4,STARTED,"High-level execution with subtree: FF_Default_DynamicFlow_StackHL_b22_lp4_r1_pr4_lay1_m4; DeltaTime: 0.100",566961.73
405,2025-09-08 12:52:10.578,StackML,StackML_b22_lp4_r1_vg1_pr4,STARTED,"Normal execution; DeltaTime: 0.100",566979.73
406,2025-09-08 12:52:10.578,StackML,StackML_b22_lp4_r1_vg1_pr4,STARTED,"DeltaTime: 0.100",566979.93
407,2025-09-08 12:52:10.609,StackML,StackML_b22_lp4_r1_vg1_pr4,COMPLETED,"Effects applied successfully",567010.29
408,2025-09-08 12:52:10.612,StackHL,StackHL_b22_lp4_r1_pr4_lay1_m4,COMPLETED,"Subtree execution completed successfully",567013.29
409,2025-09-08 12:52:10.934,PickUpHL,PickUpHL_b24_fp32_r1,STARTED,"High-level execution with subtree: FF_Default_DynamicFlow_PickUpHL_b24_fp32_r1; DeltaTime: 0.100",567336.26
410,2025-09-08 12:52:13.460,PickUpHL,PickUpHL_b24_fp32_r1,FAILED,"Subtree execution failed",569861.42
411,2025-09-08 12:52:13.966,PickUpHL,PickUpHL_b4_fp6_r1,STARTED,"High-level execution with subtree: FF_Default_DynamicFlow_PickUpHL_b4_fp6_r1; DeltaTime: 0.100",570367.50
412,2025-09-08 12:52:16.470,PickUpHL,PickUpHL_b4_fp6_r1,FAILED,"Subtree execution failed",572871.36
413,2025-09-08 12:52:16.781,PickUpHL,PickUpHL_b10_fp14_r1,STARTED,"High-level execution with subtree: FF_Default_DynamicFlow_PickUpHL_b10_fp14_r1; DeltaTime: 0.100",573182.82
414,2025-09-08 12:52:19.514,PickUpHL,PickUpHL_b10_fp14_r1,FAILED,"Subtree execution failed",575915.96
415,2025-09-08 12:52:19.832,PickUpHL,PickUpHL_b16_fp22_r1,STARTED,"High-level execution with subtree: FF_Default_DynamicFlow_PickUpHL_b16_fp22_r1; DeltaTime: 0.100",576233.62
416,2025-09-08 12:52:22.369,TravelML,TravelML_r1_pr4_fp22,STARTED,"Normal execution; DeltaTime: 0.100",578770.70
417,2025-09-08 12:52:22.369,TravelML,TravelML_r1_pr4_fp22,STARTED,"DeltaTime: 0.100",578770.92
418,2025-09-08 12:52:22.390,TravelML,TravelML_r1_pr4_fp22,COMPLETED,"Effects applied successfully",578791.99
419,2025-09-08 12:52:22.744,PickUpHL,PickUpHL_b16_fp22_r1,STARTED,"High-level execution with subtree: FF_Default_DynamicFlow_PickUpHL_b16_fp22_r1; DeltaTime: 0.100",579145.62
420,2025-09-08 12:52:22.759,PickUpML,PickUpML_b16_fp22_r1_vg1,STARTED,"Normal execution; DeltaTime: 0.100",579160.67
421,2025-09-08 12:52:22.759,PickUpML,PickUpML_b16_fp22_r1_vg1,STARTED,"DeltaTime: 0.100",579160.88
422,2025-09-08 12:52:22.782,PickUpML,PickUpML_b16_fp22_r1_vg1,COMPLETED,"Effects applied successfully",579184.00
423,2025-09-08 12:52:22.785,PickUpHL,PickUpHL_b16_fp22_r1,COMPLETED,"Subtree execution completed successfully",579186.82
424,2025-09-08 12:52:23.114,StackHL,StackHL_b16_lp3_r1_pr3_lay1_m3,STARTED,"High-level execution with subtree: FF_Default_DynamicFlow_StackHL_b16_lp3_r1_pr3_lay1_m3; DeltaTime: 0.100",579516.19
425,2025-09-08 12:52:25.650,StackHL,StackHL_b16_lp3_r1_pr3_lay1_m3,FAILED,"Subtree execution failed",582051.27
426,2025-09-08 12:52:25.969,PickUpHL,PickUpHL_b24_fp32_r1,STARTED,"High-level execution with subtree: FF_Default_DynamicFlow_PickUpHL_b24_fp32_r1; DeltaTime: 0.100",582370.94
427,2025-09-08 12:52:28.563,PickUpHL,PickUpHL_b24_fp32_r1,FAILED,"Subtree execution failed",584964.88
428,2025-09-08 12:52:29.043,PickUpHL,PickUpHL_b4_fp6_r1,STARTED,"High-level execution with subtree: FF_Default_DynamicFlow_PickUpHL_b4_fp6_r1; DeltaTime: 0.100",585444.84
429,2025-09-08 12:52:31.648,PickUpHL,PickUpHL_b4_fp6_r1,FAILED,"Subtree execution failed",588049.39
430,2025-09-08 12:52:31.972,PickUpHL,PickUpHL_b10_fp14_r1,STARTED,"High-level execution with subtree: FF_Default_DynamicFlow_PickUpHL_b10_fp14_r1; DeltaTime: 0.100",588373.66
431,2025-09-08 12:52:34.559,PickUpHL,PickUpHL_b10_fp14_r1,FAILED,"Subtree execution failed",590960.61
432,2025-09-08 12:52:34.924,StackHL,StackHL_b16_lp3_r1_pr3_lay1_m3,STARTED,"High-level execution with subtree: FF_Default_DynamicFlow_StackHL_b16_lp3_r1_pr3_lay1_m3; DeltaTime: 0.100",591325.91
433,2025-09-08 12:52:34.941,TravelML,TravelML_r1_fp22_pr3,STARTED,"Normal execution; DeltaTime: 0.100",591342.93
434,2025-09-08 12:52:34.941,TravelML,TravelML_r1_fp22_pr3,STARTED,"DeltaTime: 0.100",591343.18
435,2025-09-08 12:52:34.962,TravelML,TravelML_r1_fp22_pr3,COMPLETED,"Effects applied successfully",591363.54
436,2025-09-08 12:52:35.305,StackHL,StackHL_b16_lp3_r1_pr3_lay1_m3,STARTED,"High-level execution with subtree: FF_Default_DynamicFlow_StackHL_b16_lp3_r1_pr3_lay1_m3; DeltaTime: 0.100",591707.25
437,2025-09-08 12:52:35.321,StackML,StackML_b16_lp3_r1_vg1_pr3,STARTED,"Normal execution; DeltaTime: 0.100",591722.99
438,2025-09-08 12:52:35.321,StackML,StackML_b16_lp3_r1_vg1_pr3,STARTED,"DeltaTime: 0.100",591723.20
439,2025-09-08 12:52:35.351,StackML,StackML_b16_lp3_r1_vg1_pr3,COMPLETED,"Effects applied successfully",591753.14
440,2025-09-08 12:52:35.354,StackHL,StackHL_b16_lp3_r1_pr3_lay1_m3,COMPLETED,"Subtree execution completed successfully",591756.06
441,2025-09-08 12:52:35.713,PickUpHL,PickUpHL_b18_fp24_r1,STARTED,"High-level execution with subtree: FF_Default_DynamicFlow_PickUpHL_b18_fp24_r1; DeltaTime: 0.100",592114.71
442,2025-09-08 12:52:38.268,PickUpHL,PickUpHL_b18_fp24_r1,FAILED,"Subtree execution failed",594670.10
443,2025-09-08 12:52:38.573,PickUpHL,PickUpHL_b24_fp32_r1,STARTED,"High-level execution with subtree: FF_Default_DynamicFlow_PickUpHL_b24_fp32_r1; DeltaTime: 0.100",594974.64
444,2025-09-08 12:52:41.068,PickUpHL,PickUpHL_b24_fp32_r1,FAILED,"Subtree execution failed",597469.38
445,2025-09-08 12:52:41.593,PickUpHL,PickUpHL_b4_fp6_r1,STARTED,"High-level execution with subtree: FF_Default_DynamicFlow_PickUpHL_b4_fp6_r1; DeltaTime: 0.100",597995.16
446,2025-09-08 12:52:44.097,PickUpHL,PickUpHL_b4_fp6_r1,FAILED,"Subtree execution failed",600498.88
447,2025-09-08 12:52:44.449,PickUpHL,PickUpHL_b10_fp14_r1,STARTED,"High-level execution with subtree: FF_Default_DynamicFlow_PickUpHL_b10_fp14_r1; DeltaTime: 0.100",600851.10
448,2025-09-08 12:52:46.956,TravelML,TravelML_r1_pr3_fp14,STARTED,"Normal execution; DeltaTime: 0.100",603357.95
449,2025-09-08 12:52:46.956,TravelML,TravelML_r1_pr3_fp14,STARTED,"DeltaTime: 0.100",603358.15
450,2025-09-08 12:52:46.977,TravelML,TravelML_r1_pr3_fp14,COMPLETED,"Effects applied successfully",603379.19
451,2025-09-08 12:52:47.335,PickUpHL,PickUpHL_b10_fp14_r1,STARTED,"High-level execution with subtree: FF_Default_DynamicFlow_PickUpHL_b10_fp14_r1; DeltaTime: 0.100",603736.54
452,2025-09-08 12:52:47.350,PickUpML,PickUpML_b10_fp14_r1_vg1,STARTED,"Normal execution; DeltaTime: 0.100",603752.06
453,2025-09-08 12:52:47.350,PickUpML,PickUpML_b10_fp14_r1_vg1,STARTED,"DeltaTime: 0.100",603752.25
454,2025-09-08 12:52:47.375,PickUpML,PickUpML_b10_fp14_r1_vg1,COMPLETED,"Effects applied successfully",603776.99
455,2025-09-08 12:52:47.378,PickUpHL,PickUpHL_b10_fp14_r1,COMPLETED,"Subtree execution completed successfully",603780.22
456,2025-09-08 12:52:47.707,StackHL,StackHL_b10_lp2_r1_pr2_lay1_m2,STARTED,"High-level execution with subtree: FF_Default_DynamicFlow_StackHL_b10_lp2_r1_pr2_lay1_m2; DeltaTime: 0.100",604109.25
457,2025-09-08 12:52:50.311,StackHL,StackHL_b10_lp2_r1_pr2_lay1_m2,FAILED,"Subtree execution failed",606712.36
458,2025-09-08 12:52:50.630,PickUpHL,PickUpHL_b18_fp24_r1,STARTED,"High-level execution with subtree: FF_Default_DynamicFlow_PickUpHL_b18_fp24_r1; DeltaTime: 0.100",607031.42
459,2025-09-08 12:52:53.161,PickUpHL,PickUpHL_b18_fp24_r1,FAILED,"Subtree execution failed",609562.88
460,2025-09-08 12:52:53.472,PickUpHL,PickUpHL_b24_fp32_r1,STARTED,"High-level execution with subtree: FF_Default_DynamicFlow_PickUpHL_b24_fp32_r1; DeltaTime: 0.100",609873.68
461,2025-09-08 12:52:55.990,PickUpHL,PickUpHL_b24_fp32_r1,FAILED,"Subtree execution failed",612391.80
462,2025-09-08 12:52:56.500,PickUpHL,PickUpHL_b4_fp6_r1,STARTED,"High-level execution with subtree: FF_Default_DynamicFlow_PickUpHL_b4_fp6_r1; DeltaTime: 0.100",612901.72
463,2025-09-08 12:52:59.065,PickUpHL,PickUpHL_b4_fp6_r1,FAILED,"Subtree execution failed",615467.26
464,2025-09-08 12:52:59.430,StackHL,StackHL_b10_lp2_r1_pr2_lay1_m2,STARTED,"High-level execution with subtree: FF_Default_DynamicFlow_StackHL_b10_lp2_r1_pr2_lay1_m2; DeltaTime: 0.100",615831.67
465,2025-09-08 12:52:59.446,TravelML,TravelML_r1_fp14_pr2,STARTED,"Normal execution; DeltaTime: 0.100",615847.96
466,2025-09-08 12:52:59.446,TravelML,TravelML_r1_fp14_pr2,STARTED,"DeltaTime: 0.100",615848.18
467,2025-09-08 12:52:59.467,TravelML,TravelML_r1_fp14_pr2,COMPLETED,"Effects applied successfully",615868.76
468,2025-09-08 12:52:59.826,StackHL,StackHL_b10_lp2_r1_pr2_lay1_m2,STARTED,"High-level execution with subtree: FF_Default_DynamicFlow_StackHL_b10_lp2_r1_pr2_lay1_m2; DeltaTime: 0.100",616228.11
469,2025-09-08 12:52:59.842,StackML,StackML_b10_lp2_r1_vg1_pr2,STARTED,"Normal execution; DeltaTime: 0.100",616243.33
470,2025-09-08 12:52:59.842,StackML,StackML_b10_lp2_r1_vg1_pr2,STARTED,"DeltaTime: 0.100",616243.59
471,2025-09-08 12:52:59.871,StackML,StackML_b10_lp2_r1_vg1_pr2,COMPLETED,"Effects applied successfully",616272.91
472,2025-09-08 12:52:59.874,StackHL,StackHL_b10_lp2_r1_pr2_lay1_m2,COMPLETED,"Subtree execution completed successfully",616276.19
473,2025-09-08 12:53:00.206,PickUpHL,PickUpHL_b12_fp16_r1,STARTED,"High-level execution with subtree: FF_Default_DynamicFlow_PickUpHL_b12_fp16_r1; DeltaTime: 0.100",616608.23
474,2025-09-08 12:53:03.002,PickUpHL,PickUpHL_b12_fp16_r1,FAILED,"Subtree execution failed",619403.36
475,2025-09-08 12:53:03.301,PickUpHL,PickUpHL_b18_fp24_r1,STARTED,"High-level execution with subtree: FF_Default_DynamicFlow_PickUpHL_b18_fp24_r1; DeltaTime: 0.100",619702.46
476,2025-09-08 12:53:05.871,PickUpHL,PickUpHL_b18_fp24_r1,FAILED,"Subtree execution failed",622272.36
477,2025-09-08 12:53:06.186,PickUpHL,PickUpHL_b24_fp32_r1,STARTED,"High-level execution with subtree: FF_Default_DynamicFlow_PickUpHL_b24_fp32_r1; DeltaTime: 0.100",622588.26
478,2025-09-08 12:53:08.671,PickUpHL,PickUpHL_b24_fp32_r1,FAILED,"Subtree execution failed",625072.67
479,2025-09-08 12:53:09.173,PickUpHL,PickUpHL_b4_fp6_r1,STARTED,"High-level execution with subtree: FF_Default_DynamicFlow_PickUpHL_b4_fp6_r1; DeltaTime: 0.100",625574.59
480,2025-09-08 12:53:11.826,TravelML,TravelML_r1_pr2_fp6,STARTED,"Normal execution; DeltaTime: 0.100",628228.15
481,2025-09-08 12:53:11.827,TravelML,TravelML_r1_pr2_fp6,STARTED,"DeltaTime: 0.100",628228.35
482,2025-09-08 12:53:11.849,TravelML,TravelML_r1_pr2_fp6,COMPLETED,"Effects applied successfully",628251.02
483,2025-09-08 12:53:12.204,PickUpHL,PickUpHL_b4_fp6_r1,STARTED,"High-level execution with subtree: FF_Default_DynamicFlow_PickUpHL_b4_fp6_r1; DeltaTime: 0.100",628606.17
484,2025-09-08 12:53:12.224,PickUpML,PickUpML_b4_fp6_r1_vg1,STARTED,"Normal execution; DeltaTime: 0.100",628625.80
485,2025-09-08 12:53:12.224,PickUpML,PickUpML_b4_fp6_r1_vg1,STARTED,"DeltaTime: 0.100",628626.01
486,2025-09-08 12:53:12.249,PickUpML,PickUpML_b4_fp6_r1_vg1,COMPLETED,"Effects applied successfully",628650.56
487,2025-09-08 12:53:12.252,PickUpHL,PickUpHL_b4_fp6_r1,COMPLETED,"Subtree execution completed successfully",628653.43
488,2025-09-08 12:53:12.601,StackHL,StackHL_b4_lp1_r1_pr1_lay1_m1,STARTED,"High-level execution with subtree: FF_Default_DynamicFlow_StackHL_b4_lp1_r1_pr1_lay1_m1; DeltaTime: 0.100",629002.75
489,2025-09-08 12:53:15.123,StackHL,StackHL_b4_lp1_r1_pr1_lay1_m1,FAILED,"Subtree execution failed",631524.49
490,2025-09-08 12:53:15.442,PickUpHL,PickUpHL_b12_fp16_r1,STARTED,"High-level execution with subtree: FF_Default_DynamicFlow_PickUpHL_b12_fp16_r1; DeltaTime: 0.100",631844.26
491,2025-09-08 12:53:17.962,PickUpHL,PickUpHL_b12_fp16_r1,FAILED,"Subtree execution failed",634363.76
492,2025-09-08 12:53:18.300,PickUpHL,PickUpHL_b18_fp24_r1,STARTED,"High-level execution with subtree: FF_Default_DynamicFlow_PickUpHL_b18_fp24_r1; DeltaTime: 0.100",634701.98
493,2025-09-08 12:53:20.901,PickUpHL,PickUpHL_b18_fp24_r1,FAILED,"Subtree execution failed",637302.40
494,2025-09-08 12:53:21.279,PickUpHL,PickUpHL_b24_fp32_r1,STARTED,"High-level execution with subtree: FF_Default_DynamicFlow_PickUpHL_b24_fp32_r1; DeltaTime: 0.100",637681.06
495,2025-09-08 12:53:23.928,PickUpHL,PickUpHL_b24_fp32_r1,FAILED,"Subtree execution failed",640329.40
496,2025-09-08 12:53:24.532,StackHL,StackHL_b4_lp1_r1_pr1_lay1_m1,STARTED,"High-level execution with subtree: FF_Default_DynamicFlow_StackHL_b4_lp1_r1_pr1_lay1_m1; DeltaTime: 0.100",640933.95
497,2025-09-08 12:53:24.547,TravelML,TravelML_r1_fp6_pr1,STARTED,"Normal execution; DeltaTime: 0.100",640948.73
498,2025-09-08 12:53:24.547,TravelML,TravelML_r1_fp6_pr1,STARTED,"DeltaTime: 0.100",640948.94
499,2025-09-08 12:53:24.568,TravelML,TravelML_r1_fp6_pr1,COMPLETED,"Effects applied successfully",640969.40
500,2025-09-08 12:53:24.933,StackHL,StackHL_b4_lp1_r1_pr1_lay1_m1,STARTED,"High-level execution with subtree: FF_Default_DynamicFlow_StackHL_b4_lp1_r1_pr1_lay1_m1; DeltaTime: 0.100",641334.33
501,2025-09-08 12:53:24.948,StackML,StackML_b4_lp1_r1_vg1_pr1,STARTED,"Normal execution; DeltaTime: 0.100",641349.42
502,2025-09-08 12:53:24.948,StackML,StackML_b4_lp1_r1_vg1_pr1,STARTED,"DeltaTime: 0.100",641349.62
503,2025-09-08 12:53:24.978,StackML,StackML_b4_lp1_r1_vg1_pr1,COMPLETED,"Effects applied successfully",641379.47
504,2025-09-08 12:53:24.981,StackHL,StackHL_b4_lp1_r1_pr1_lay1_m1,COMPLETED,"Subtree execution completed successfully",641382.40
505,2025-09-08 12:53:25.324,PickUpHL,PickUpHL_b6_fp8_r1,STARTED,"High-level execution with subtree: FF_Default_DynamicFlow_PickUpHL_b6_fp8_r1; DeltaTime: 0.100",641725.79
506,2025-09-08 12:53:27.821,PickUpHL,PickUpHL_b6_fp8_r1,FAILED,"Subtree execution failed",644222.96
507,2025-09-08 12:53:28.153,PickUpHL,PickUpHL_b12_fp16_r1,STARTED,"High-level execution with subtree: FF_Default_DynamicFlow_PickUpHL_b12_fp16_r1; DeltaTime: 0.100",644554.99
508,2025-09-08 12:53:30.682,PickUpHL,PickUpHL_b12_fp16_r1,FAILED,"Subtree execution failed",647083.40
509,2025-09-08 12:53:31.013,PickUpHL,PickUpHL_b18_fp24_r1,STARTED,"High-level execution with subtree: FF_Default_DynamicFlow_PickUpHL_b18_fp24_r1; DeltaTime: 0.100",647415.06
510,2025-09-08 12:53:33.513,PickUpHL,PickUpHL_b18_fp24_r1,FAILED,"Subtree execution failed",649914.78
511,2025-09-08 12:53:33.871,PickUpHL,PickUpHL_b24_fp32_r1,STARTED,"High-level execution with subtree: FF_Default_DynamicFlow_PickUpHL_b24_fp32_r1; DeltaTime: 0.100",650272.46
512,2025-09-08 12:53:36.410,TravelML,TravelML_r1_pr1_fp32,STARTED,"Normal execution; DeltaTime: 0.100",652811.80
513,2025-09-08 12:53:36.410,TravelML,TravelML_r1_pr1_fp32,STARTED,"DeltaTime: 0.100",652812.02
514,2025-09-08 12:53:36.433,TravelML,TravelML_r1_pr1_fp32,COMPLETED,"Effects applied successfully",652834.43
515,2025-09-08 12:53:36.786,PickUpHL,PickUpHL_b24_fp32_r1,STARTED,"High-level execution with subtree: FF_Default_DynamicFlow_PickUpHL_b24_fp32_r1; DeltaTime: 0.100",653187.76
516,2025-09-08 12:53:36.802,PickUpML,PickUpML_b24_fp32_r1_vg1,STARTED,"Normal execution; DeltaTime: 0.100",653204.14
517,2025-09-08 12:53:36.803,PickUpML,PickUpML_b24_fp32_r1_vg1,STARTED,"DeltaTime: 0.100",653204.34
518,2025-09-08 12:53:36.828,PickUpML,PickUpML_b24_fp32_r1_vg1,COMPLETED,"Effects applied successfully",653229.46
519,2025-09-08 12:53:36.831,PickUpHL,PickUpHL_b24_fp32_r1,COMPLETED,"Subtree execution completed successfully",653232.35
520,2025-09-08 12:53:37.188,StackHL,StackHL_b24_lp4_r1_pr4_lay1_m4,STARTED,"High-level execution with subtree: FF_Default_DynamicFlow_StackHL_b24_lp4_r1_pr4_lay1_m4; DeltaTime: 0.100",653589.69
521,2025-09-08 12:53:39.739,StackHL,StackHL_b24_lp4_r1_pr4_lay1_m4,FAILED,"Subtree execution failed",656140.94
522,2025-09-08 12:53:40.262,PickUpHL,PickUpHL_b6_fp8_r1,STARTED,"High-level execution with subtree: FF_Default_DynamicFlow_PickUpHL_b6_fp8_r1; DeltaTime: 0.100",656663.76
523,2025-09-08 12:53:42.849,PickUpHL,PickUpHL_b6_fp8_r1,FAILED,"Subtree execution failed",659250.48
524,2025-09-08 12:53:43.174,PickUpHL,PickUpHL_b12_fp16_r1,STARTED,"High-level execution with subtree: FF_Default_DynamicFlow_PickUpHL_b12_fp16_r1; DeltaTime: 0.100",659575.68
525,2025-09-08 12:53:45.739,PickUpHL,PickUpHL_b12_fp16_r1,FAILED,"Subtree execution failed",662141.12
526,2025-09-08 12:53:46.068,PickUpHL,PickUpHL_b18_fp24_r1,STARTED,"High-level execution with subtree: FF_Default_DynamicFlow_PickUpHL_b18_fp24_r1; DeltaTime: 0.100",662470.16
527,2025-09-08 12:53:48.688,PickUpHL,PickUpHL_b18_fp24_r1,FAILED,"Subtree execution failed",665089.88
528,2025-09-08 12:53:49.052,StackHL,StackHL_b24_lp4_r1_pr4_lay1_m4,STARTED,"High-level execution with subtree: FF_Default_DynamicFlow_StackHL_b24_lp4_r1_pr4_lay1_m4; DeltaTime: 0.100",665453.78
529,2025-09-08 12:53:49.074,TravelML,TravelML_r1_fp32_pr4,STARTED,"Normal execution; DeltaTime: 0.100",665476.20
530,2025-09-08 12:53:49.075,TravelML,TravelML_r1_fp32_pr4,STARTED,"DeltaTime: 0.100",665476.41
531,2025-09-08 12:53:49.101,TravelML,TravelML_r1_fp32_pr4,COMPLETED,"Effects applied successfully",665502.68
532,2025-09-08 12:53:49.472,StackHL,StackHL_b24_lp4_r1_pr4_lay1_m4,STARTED,"High-level execution with subtree: FF_Default_DynamicFlow_StackHL_b24_lp4_r1_pr4_lay1_m4; DeltaTime: 0.100",665873.89
533,2025-09-08 12:53:49.488,StackML,StackML_b24_lp4_r1_vg1_pr4,STARTED,"Normal execution; DeltaTime: 0.100",665889.29
534,2025-09-08 12:53:49.488,StackML,StackML_b24_lp4_r1_vg1_pr4,STARTED,"DeltaTime: 0.100",665889.55
535,2025-09-08 12:53:49.519,StackML,StackML_b24_lp4_r1_vg1_pr4,COMPLETED,"Effects applied successfully",665920.33
536,2025-09-08 12:53:49.521,StackHL,StackHL_b24_lp4_r1_pr4_lay1_m4,COMPLETED,"Subtree execution completed successfully",665923.03
537,2025-09-08 12:53:54.177,PickUpHL,PickUpHL_b23_fp31_r1,STARTED,"High-level execution with subtree: FF_Default_DynamicFlow_PickUpHL_b23_fp31_r1; DeltaTime: 0.100",670578.54
538,2025-09-08 12:53:56.995,PickUpHL,PickUpHL_b23_fp31_r1,FAILED,"Subtree execution failed",673397.20
539,2025-09-08 12:53:57.650,PickUpHL,PickUpHL_b6_fp8_r1,STARTED,"High-level execution with subtree: FF_Default_DynamicFlow_PickUpHL_b6_fp8_r1; DeltaTime: 0.100",674052.22
540,2025-09-08 12:54:00.492,PickUpHL,PickUpHL_b6_fp8_r1,FAILED,"Subtree execution failed",676893.91
541,2025-09-08 12:54:00.811,PickUpHL,PickUpHL_b12_fp16_r1,STARTED,"High-level execution with subtree: FF_Default_DynamicFlow_PickUpHL_b12_fp16_r1; DeltaTime: 0.100",677212.67
542,2025-09-08 12:54:03.699,PickUpHL,PickUpHL_b12_fp16_r1,FAILED,"Subtree execution failed",680100.73
543,2025-09-08 12:54:04.474,PickUpHL,PickUpHL_b18_fp24_r1,STARTED,"High-level execution with subtree: FF_Default_DynamicFlow_PickUpHL_b18_fp24_r1; DeltaTime: 0.100",680875.58
544,2025-09-08 12:54:07.556,TravelML,TravelML_r1_pr4_fp24,STARTED,"Normal execution; DeltaTime: 0.100",683957.50
545,2025-09-08 12:54:07.559,TravelML,TravelML_r1_pr4_fp24,STARTED,"DeltaTime: 0.100",683960.39
546,2025-09-08 12:54:07.692,TravelML,TravelML_r1_pr4_fp24,COMPLETED,"Effects applied successfully",684094.01
547,2025-09-08 12:54:08.635,PickUpHL,PickUpHL_b18_fp24_r1,STARTED,"High-level execution with subtree: FF_Default_DynamicFlow_PickUpHL_b18_fp24_r1; DeltaTime: 0.100",685036.97
548,2025-09-08 12:54:08.680,PickUpML,PickUpML_b18_fp24_r1_vg1,STARTED,"Normal execution; DeltaTime: 0.100",685082.26
549,2025-09-08 12:54:08.681,PickUpML,PickUpML_b18_fp24_r1_vg1,STARTED,"DeltaTime: 0.100",685082.48
550,2025-09-08 12:54:08.752,PickUpML,PickUpML_b18_fp24_r1_vg1,COMPLETED,"Effects applied successfully",685153.91
551,2025-09-08 12:54:08.763,PickUpHL,PickUpHL_b18_fp24_r1,COMPLETED,"Subtree execution completed successfully",685165.26
552,2025-09-08 12:54:09.980,StackHL,StackHL_b18_lp3_r1_pr3_lay1_m3,STARTED,"High-level execution with subtree: FF_Default_DynamicFlow_StackHL_b18_lp3_r1_pr3_lay1_m3; DeltaTime: 0.100",686381.42
553,2025-09-08 12:54:12.995,StackHL,StackHL_b18_lp3_r1_pr3_lay1_m3,FAILED,"Subtree execution failed",689397.09
554,2025-09-08 12:54:13.663,PickUpHL,PickUpHL_b23_fp31_r1,STARTED,"High-level execution with subtree: FF_Default_DynamicFlow_PickUpHL_b23_fp31_r1; DeltaTime: 0.100",690065.03
555,2025-09-08 12:54:16.527,PickUpHL,PickUpHL_b23_fp31_r1,FAILED,"Subtree execution failed",692928.81
556,2025-09-08 12:54:17.798,PickUpHL,PickUpHL_b6_fp8_r1,STARTED,"High-level execution with subtree: FF_Default_DynamicFlow_PickUpHL_b6_fp8_r1; DeltaTime: 0.100",694199.57
557,2025-09-08 12:54:20.582,PickUpHL,PickUpHL_b6_fp8_r1,FAILED,"Subtree execution failed",696983.93
558,2025-09-08 12:54:21.369,PickUpHL,PickUpHL_b12_fp16_r1,STARTED,"High-level execution with subtree: FF_Default_DynamicFlow_PickUpHL_b12_fp16_r1; DeltaTime: 0.100",697770.70
559,2025-09-08 12:54:24.142,PickUpHL,PickUpHL_b12_fp16_r1,FAILED,"Subtree execution failed",700543.83
560,2025-09-08 12:54:25.223,StackHL,StackHL_b18_lp3_r1_pr3_lay1_m3,STARTED,"High-level execution with subtree: FF_Default_DynamicFlow_StackHL_b18_lp3_r1_pr3_lay1_m3; DeltaTime: 0.100",701624.38
561,2025-09-08 12:54:25.267,TravelML,TravelML_r1_fp24_pr3,STARTED,"Normal execution; DeltaTime: 0.100",701668.96
562,2025-09-08 12:54:25.268,TravelML,TravelML_r1_fp24_pr3,STARTED,"DeltaTime: 0.100",701669.44
563,2025-09-08 12:54:25.355,TravelML,TravelML_r1_fp24_pr3,COMPLETED,"Effects applied successfully",701756.40
564,2025-09-08 12:54:26.202,StackHL,StackHL_b18_lp3_r1_pr3_lay1_m3,STARTED,"High-level execution with subtree: FF_Default_DynamicFlow_StackHL_b18_lp3_r1_pr3_lay1_m3; DeltaTime: 0.100",702603.85
565,2025-09-08 12:54:26.257,StackML,StackML_b18_lp3_r1_vg1_pr3,STARTED,"Normal execution; DeltaTime: 0.100",702658.48
566,2025-09-08 12:54:26.257,StackML,StackML_b18_lp3_r1_vg1_pr3,STARTED,"DeltaTime: 0.100",702659.24
567,2025-09-08 12:54:26.349,StackML,StackML_b18_lp3_r1_vg1_pr3,COMPLETED,"Effects applied successfully",702750.89
568,2025-09-08 12:54:26.356,StackHL,StackHL_b18_lp3_r1_pr3_lay1_m3,COMPLETED,"Subtree execution completed successfully",702757.99
569,2025-09-08 12:54:27.196,PickUpHL,PickUpHL_b17_fp23_r1,STARTED,"High-level execution with subtree: FF_Default_DynamicFlow_PickUpHL_b17_fp23_r1; DeltaTime: 0.100",703597.70
570,2025-09-08 12:54:29.813,PickUpHL,PickUpHL_b17_fp23_r1,FAILED,"Subtree execution failed",706214.46
571,2025-09-08 12:54:30.437,PickUpHL,PickUpHL_b23_fp31_r1,STARTED,"High-level execution with subtree: FF_Default_DynamicFlow_PickUpHL_b23_fp31_r1; DeltaTime: 0.100",706839.14
572,2025-09-08 12:54:33.110,PickUpHL,PickUpHL_b23_fp31_r1,FAILED,"Subtree execution failed",709511.93
573,2025-09-08 12:54:34.172,PickUpHL,PickUpHL_b6_fp8_r1,STARTED,"High-level execution with subtree: FF_Default_DynamicFlow_PickUpHL_b6_fp8_r1; DeltaTime: 0.100",710574.08
574,2025-09-08 12:54:36.937,PickUpHL,PickUpHL_b6_fp8_r1,FAILED,"Subtree execution failed",713338.37
575,2025-09-08 12:54:37.865,PickUpHL,PickUpHL_b12_fp16_r1,STARTED,"High-level execution with subtree: FF_Default_DynamicFlow_PickUpHL_b12_fp16_r1; DeltaTime: 0.100",714266.66
576,2025-09-08 12:54:40.481,TravelML,TravelML_r1_pr3_fp16,STARTED,"Normal execution; DeltaTime: 0.100",716883.25
577,2025-09-08 12:54:40.482,TravelML,TravelML_r1_pr3_fp16,STARTED,"DeltaTime: 0.100",716884.22
578,2025-09-08 12:54:40.559,TravelML,TravelML_r1_pr3_fp16,COMPLETED,"Effects applied successfully",716960.86
579,2025-09-08 12:54:41.485,PickUpHL,PickUpHL_b12_fp16_r1,STARTED,"High-level execution with subtree: FF_Default_DynamicFlow_PickUpHL_b12_fp16_r1; DeltaTime: 0.100",717886.61
580,2025-09-08 12:54:41.533,PickUpML,PickUpML_b12_fp16_r1_vg1,STARTED,"Normal execution; DeltaTime: 0.100",717934.97
581,2025-09-08 12:54:41.534,PickUpML,PickUpML_b12_fp16_r1_vg1,STARTED,"DeltaTime: 0.100",717935.51
582,2025-09-08 12:54:41.653,PickUpML,PickUpML_b12_fp16_r1_vg1,COMPLETED,"Effects applied successfully",718054.43
583,2025-09-08 12:54:41.661,PickUpHL,PickUpHL_b12_fp16_r1,COMPLETED,"Subtree execution completed successfully",718063.25
584,2025-09-08 12:54:42.470,StackHL,StackHL_b12_lp2_r1_pr2_lay1_m2,STARTED,"High-level execution with subtree: FF_Default_DynamicFlow_StackHL_b12_lp2_r1_pr2_lay1_m2; DeltaTime: 0.100",718872.18
585,2025-09-08 12:54:45.122,StackHL,StackHL_b12_lp2_r1_pr2_lay1_m2,FAILED,"Subtree execution failed",721523.94
586,2025-09-08 12:54:46.030,PickUpHL,PickUpHL_b17_fp23_r1,STARTED,"High-level execution with subtree: FF_Default_DynamicFlow_PickUpHL_b17_fp23_r1; DeltaTime: 0.100",722432.10
587,2025-09-08 12:54:48.695,PickUpHL,PickUpHL_b17_fp23_r1,FAILED,"Subtree execution failed",725096.88
588,2025-09-08 12:54:49.561,PickUpHL,PickUpHL_b23_fp31_r1,STARTED,"High-level execution with subtree: FF_Default_DynamicFlow_PickUpHL_b23_fp31_r1; DeltaTime: 0.100",725962.51
589,2025-09-08 12:54:52.286,PickUpHL,PickUpHL_b23_fp31_r1,FAILED,"Subtree execution failed",728687.73
590,2025-09-08 12:54:53.628,PickUpHL,PickUpHL_b6_fp8_r1,STARTED,"High-level execution with subtree: FF_Default_DynamicFlow_PickUpHL_b6_fp8_r1; DeltaTime: 0.100",730030.03
591,2025-09-08 12:54:56.635,PickUpHL,PickUpHL_b6_fp8_r1,FAILED,"Subtree execution failed",733037.15
592,2025-09-08 12:54:57.646,StackHL,StackHL_b12_lp2_r1_pr2_lay1_m2,STARTED,"High-level execution with subtree: FF_Default_DynamicFlow_StackHL_b12_lp2_r1_pr2_lay1_m2; DeltaTime: 0.100",734047.46
593,2025-09-08 12:54:57.700,TravelML,TravelML_r1_fp16_pr2,STARTED,"Normal execution; DeltaTime: 0.100",734101.84
594,2025-09-08 12:54:57.701,TravelML,TravelML_r1_fp16_pr2,STARTED,"DeltaTime: 0.100",734103.01
595,2025-09-08 12:54:57.796,TravelML,TravelML_r1_fp16_pr2,COMPLETED,"Effects applied successfully",734198.10
596,2025-09-08 12:54:58.923,StackHL,StackHL_b12_lp2_r1_pr2_lay1_m2,STARTED,"High-level execution with subtree: FF_Default_DynamicFlow_StackHL_b12_lp2_r1_pr2_lay1_m2; DeltaTime: 0.100",735325.20
597,2025-09-08 12:54:58.978,StackML,StackML_b12_lp2_r1_vg1_pr2,STARTED,"Normal execution; DeltaTime: 0.100",735379.67
598,2025-09-08 12:54:58.979,StackML,StackML_b12_lp2_r1_vg1_pr2,STARTED,"DeltaTime: 0.100",735380.76
599,2025-09-08 12:54:59.100,StackML,StackML_b12_lp2_r1_vg1_pr2,COMPLETED,"Effects applied successfully",735502.07
600,2025-09-08 12:54:59.113,StackHL,StackHL_b12_lp2_r1_pr2_lay1_m2,COMPLETED,"Subtree execution completed successfully",735514.55
601,2025-09-08 12:54:59.857,PickUpHL,PickUpHL_b11_fp15_r1,STARTED,"High-level execution with subtree: FF_Default_DynamicFlow_PickUpHL_b11_fp15_r1; DeltaTime: 0.100",736258.85
602,2025-09-08 12:56:57.505,PickUpHL,PickUpHL_b11_fp15_r1,FAILED,"Subtree execution failed",853906.63
603,2025-09-08 12:56:58.198,PickUpHL,PickUpHL_b17_fp23_r1,STARTED,"High-level execution with subtree: FF_Default_DynamicFlow_PickUpHL_b17_fp23_r1; DeltaTime: 0.100",854600.15
604,2025-09-08 12:57:00.813,PickUpHL,PickUpHL_b17_fp23_r1,FAILED,"Subtree execution failed",857214.98
605,2025-09-08 12:57:01.507,PickUpHL,PickUpHL_b23_fp31_r1,STARTED,"High-level execution with subtree: FF_Default_DynamicFlow_PickUpHL_b23_fp31_r1; DeltaTime: 0.100",857908.77
606,2025-09-08 12:57:04.280,PickUpHL,PickUpHL_b23_fp31_r1,FAILED,"Subtree execution failed",860681.37
607,2025-09-08 12:57:05.432,PickUpHL,PickUpHL_b6_fp8_r1,STARTED,"High-level execution with subtree: FF_Default_DynamicFlow_PickUpHL_b6_fp8_r1; DeltaTime: 0.100",861833.69
608,2025-09-08 12:57:08.351,TravelML,TravelML_r1_pr2_fp8,STARTED,"Normal execution; DeltaTime: 0.100",864752.39
609,2025-09-08 12:57:08.351,TravelML,TravelML_r1_pr2_fp8,STARTED,"DeltaTime: 0.100",864752.89
610,2025-09-08 12:57:08.431,TravelML,TravelML_r1_pr2_fp8,COMPLETED,"Effects applied successfully",864833.02
611,2025-09-08 12:57:09.459,PickUpHL,PickUpHL_b6_fp8_r1,STARTED,"High-level execution with subtree: FF_Default_DynamicFlow_PickUpHL_b6_fp8_r1; DeltaTime: 0.100",865860.99
612,2025-09-08 12:57:09.514,PickUpML,PickUpML_b6_fp8_r1_vg1,STARTED,"Normal execution; DeltaTime: 0.100",865915.88
613,2025-09-08 12:57:09.515,PickUpML,PickUpML_b6_fp8_r1_vg1,STARTED,"DeltaTime: 0.100",865916.39
614,2025-09-08 12:57:09.580,PickUpML,PickUpML_b6_fp8_r1_vg1,COMPLETED,"Effects applied successfully",865981.93
615,2025-09-08 12:57:09.587,PickUpHL,PickUpHL_b6_fp8_r1,COMPLETED,"Subtree execution completed successfully",865988.94
616,2025-09-08 12:57:10.437,StackHL,StackHL_b6_lp1_r1_pr1_lay1_m1,STARTED,"High-level execution with subtree: FF_Default_DynamicFlow_StackHL_b6_lp1_r1_pr1_lay1_m1; DeltaTime: 0.100",866838.84
617,2025-09-08 12:57:13.043,StackHL,StackHL_b6_lp1_r1_pr1_lay1_m1,FAILED,"Subtree execution failed",869444.94
618,2025-09-08 12:57:13.682,PickUpHL,PickUpHL_b11_fp15_r1,STARTED,"High-level execution with subtree: FF_Default_DynamicFlow_PickUpHL_b11_fp15_r1; DeltaTime: 0.100",870084.21
619,2025-09-08 12:57:16.424,PickUpHL,PickUpHL_b11_fp15_r1,FAILED,"Subtree execution failed",872825.99
620,2025-09-08 12:57:17.303,PickUpHL,PickUpHL_b17_fp23_r1,STARTED,"High-level execution with subtree: FF_Default_DynamicFlow_PickUpHL_b17_fp23_r1; DeltaTime: 0.100",873704.94
621,2025-09-08 12:57:20.538,PickUpHL,PickUpHL_b17_fp23_r1,FAILED,"Subtree execution failed",876939.33
622,2025-09-08 12:57:21.360,PickUpHL,PickUpHL_b23_fp31_r1,STARTED,"High-level execution with subtree: FF_Default_DynamicFlow_PickUpHL_b23_fp31_r1; DeltaTime: 0.100",877761.99
623,2025-09-08 12:57:23.951,PickUpHL,PickUpHL_b23_fp31_r1,FAILED,"Subtree execution failed",880352.58
624,2025-09-08 12:57:24.558,StackHL,StackHL_b6_lp1_r1_pr1_lay1_m1,STARTED,"High-level execution with subtree: FF_Default_DynamicFlow_StackHL_b6_lp1_r1_pr1_lay1_m1; DeltaTime: 0.100",880960.26
625,2025-09-08 12:57:24.574,TravelML,TravelML_r1_fp8_pr1,STARTED,"Normal execution; DeltaTime: 0.100",880976.08
626,2025-09-08 12:57:24.575,TravelML,TravelML_r1_fp8_pr1,STARTED,"DeltaTime: 0.100",880976.28
627,2025-09-08 12:57:24.597,TravelML,TravelML_r1_fp8_pr1,COMPLETED,"Effects applied successfully",880998.54
628,2025-09-08 12:57:24.975,StackHL,StackHL_b6_lp1_r1_pr1_lay1_m1,STARTED,"High-level execution with subtree: FF_Default_DynamicFlow_StackHL_b6_lp1_r1_pr1_lay1_m1; DeltaTime: 0.100",881376.81
629,2025-09-08 12:57:24.990,StackML,StackML_b6_lp1_r1_vg1_pr1,STARTED,"Normal execution; DeltaTime: 0.100",881391.91
630,2025-09-08 12:57:24.990,StackML,StackML_b6_lp1_r1_vg1_pr1,STARTED,"DeltaTime: 0.100",881392.11
631,2025-09-08 12:57:25.022,StackML,StackML_b6_lp1_r1_vg1_pr1,COMPLETED,"Effects applied successfully",881423.69
632,2025-09-08 12:57:25.025,StackHL,StackHL_b6_lp1_r1_pr1_lay1_m1,COMPLETED,"Subtree execution completed successfully",881426.46
633,2025-09-08 12:57:25.385,PickUpHL,PickUpHL_b5_fp7_r1,STARTED,"High-level execution with subtree: FF_Default_DynamicFlow_PickUpHL_b5_fp7_r1; DeltaTime: 0.100",881786.72
634,2025-09-08 12:57:28.329,PickUpHL,PickUpHL_b5_fp7_r1,FAILED,"Subtree execution failed",884730.69
635,2025-09-08 12:57:28.654,PickUpHL,PickUpHL_b11_fp15_r1,STARTED,"High-level execution with subtree: FF_Default_DynamicFlow_PickUpHL_b11_fp15_r1; DeltaTime: 0.100",885055.46
636,2025-09-08 12:57:31.142,PickUpHL,PickUpHL_b11_fp15_r1,FAILED,"Subtree execution failed",887543.40
637,2025-09-08 12:57:31.493,PickUpHL,PickUpHL_b17_fp23_r1,STARTED,"High-level execution with subtree: FF_Default_DynamicFlow_PickUpHL_b17_fp23_r1; DeltaTime: 0.100",887894.52
638,2025-09-08 12:57:34.189,PickUpHL,PickUpHL_b17_fp23_r1,FAILED,"Subtree execution failed",890590.74
639,2025-09-08 12:57:34.555,PickUpHL,PickUpHL_b23_fp31_r1,STARTED,"High-level execution with subtree: FF_Default_DynamicFlow_PickUpHL_b23_fp31_r1; DeltaTime: 0.100",890956.81
640,2025-09-08 12:57:37.152,TravelML,TravelML_r1_pr1_fp31,STARTED,"Normal execution; DeltaTime: 0.100",893553.48
641,2025-09-08 12:57:37.152,TravelML,TravelML_r1_pr1_fp31,STARTED,"DeltaTime: 0.100",893553.72
642,2025-09-08 12:57:37.176,TravelML,TravelML_r1_pr1_fp31,COMPLETED,"Effects applied successfully",893577.29
643,2025-09-08 12:57:37.547,PickUpHL,PickUpHL_b23_fp31_r1,STARTED,"High-level execution with subtree: FF_Default_DynamicFlow_PickUpHL_b23_fp31_r1; DeltaTime: 0.100",893948.96
644,2025-09-08 12:57:37.565,PickUpML,PickUpML_b23_fp31_r1_vg1,STARTED,"Normal execution; DeltaTime: 0.100",893967.13
645,2025-09-08 12:57:37.566,PickUpML,PickUpML_b23_fp31_r1_vg1,STARTED,"DeltaTime: 0.100",893967.49
646,2025-09-08 12:57:37.600,PickUpML,PickUpML_b23_fp31_r1_vg1,COMPLETED,"Effects applied successfully",894001.75
647,2025-09-08 12:57:37.604,PickUpHL,PickUpHL_b23_fp31_r1,COMPLETED,"Subtree execution completed successfully",894005.54
648,2025-09-08 12:57:37.967,StackHL,StackHL_b23_lp4_r1_pr4_lay1_m4,STARTED,"High-level execution with subtree: FF_Default_DynamicFlow_StackHL_b23_lp4_r1_pr4_lay1_m4; DeltaTime: 0.100",894368.45
649,2025-09-08 12:57:40.868,StackHL,StackHL_b23_lp4_r1_pr4_lay1_m4,FAILED,"Subtree execution failed",897270.23
650,2025-09-08 12:57:41.402,PickUpHL,PickUpHL_b5_fp7_r1,STARTED,"High-level execution with subtree: FF_Default_DynamicFlow_PickUpHL_b5_fp7_r1; DeltaTime: 0.100",897803.65
651,2025-09-08 12:57:44.362,PickUpHL,PickUpHL_b5_fp7_r1,FAILED,"Subtree execution failed",900763.98
652,2025-09-08 12:57:44.730,PickUpHL,PickUpHL_b11_fp15_r1,STARTED,"High-level execution with subtree: FF_Default_DynamicFlow_PickUpHL_b11_fp15_r1; DeltaTime: 0.100",901132.14
653,2025-09-08 12:57:47.473,PickUpHL,PickUpHL_b11_fp15_r1,FAILED,"Subtree execution failed",903874.94
654,2025-09-08 12:57:47.838,PickUpHL,PickUpHL_b17_fp23_r1,STARTED,"High-level execution with subtree: FF_Default_DynamicFlow_PickUpHL_b17_fp23_r1; DeltaTime: 0.100",904239.78
655,2025-09-08 12:57:50.495,PickUpHL,PickUpHL_b17_fp23_r1,FAILED,"Subtree execution failed",906896.69
656,2025-09-08 12:57:50.947,StackHL,StackHL_b23_lp4_r1_pr4_lay1_m4,STARTED,"High-level execution with subtree: FF_Default_DynamicFlow_StackHL_b23_lp4_r1_pr4_lay1_m4; DeltaTime: 0.100",907348.44
657,2025-09-08 12:57:50.967,TravelML,TravelML_r1_fp31_pr4,STARTED,"Normal execution; DeltaTime: 0.100",907368.70
658,2025-09-08 12:57:50.967,TravelML,TravelML_r1_fp31_pr4,STARTED,"DeltaTime: 0.100",907368.94
659,2025-09-08 12:57:50.995,TravelML,TravelML_r1_fp31_pr4,COMPLETED,"Effects applied successfully",907397.07
660,2025-09-08 12:57:51.462,StackHL,StackHL_b23_lp4_r1_pr4_lay1_m4,STARTED,"High-level execution with subtree: FF_Default_DynamicFlow_StackHL_b23_lp4_r1_pr4_lay1_m4; DeltaTime: 0.100",907863.65
661,2025-09-08 12:57:51.485,StackML,StackML_b23_lp4_r1_vg1_pr4,STARTED,"Normal execution; DeltaTime: 0.100",907887.15
662,2025-09-08 12:57:51.486,StackML,StackML_b23_lp4_r1_vg1_pr4,STARTED,"DeltaTime: 0.100",907887.39
663,2025-09-08 12:57:51.531,StackML,StackML_b23_lp4_r1_vg1_pr4,COMPLETED,"Effects applied successfully",907932.52
664,2025-09-08 12:57:51.535,StackHL,StackHL_b23_lp4_r1_pr4_lay1_m4,COMPLETED,"Subtree execution completed successfully",907936.32
665,2025-09-08 12:57:51.921,PickUpHL,PickUpHL_b19_fp26_r1,STARTED,"High-level execution with subtree: FF_Default_DynamicFlow_PickUpHL_b19_fp26_r1; DeltaTime: 0.100",908323.15
666,2025-09-08 12:57:54.702,PickUpHL,PickUpHL_b19_fp26_r1,FAILED,"Subtree execution failed",911103.83
667,2025-09-08 12:57:55.259,PickUpHL,PickUpHL_b5_fp7_r1,STARTED,"High-level execution with subtree: FF_Default_DynamicFlow_PickUpHL_b5_fp7_r1; DeltaTime: 0.100",911660.38
668,2025-09-08 12:57:57.975,PickUpHL,PickUpHL_b5_fp7_r1,FAILED,"Subtree execution failed",914377.26
669,2025-09-08 12:57:58.322,PickUpHL,PickUpHL_b11_fp15_r1,STARTED,"High-level execution with subtree: FF_Default_DynamicFlow_PickUpHL_b11_fp15_r1; DeltaTime: 0.100",914723.79
670,2025-09-08 12:58:01.060,PickUpHL,PickUpHL_b11_fp15_r1,FAILED,"Subtree execution failed",917462.07
671,2025-09-08 12:58:01.428,PickUpHL,PickUpHL_b17_fp23_r1,STARTED,"High-level execution with subtree: FF_Default_DynamicFlow_PickUpHL_b17_fp23_r1; DeltaTime: 0.100",917829.92
672,2025-09-08 12:58:04.343,TravelML,TravelML_r1_pr4_fp23,STARTED,"Normal execution; DeltaTime: 0.100",920745.05
673,2025-09-08 12:58:04.343,TravelML,TravelML_r1_pr4_fp23,STARTED,"DeltaTime: 0.100",920745.25
674,2025-09-08 12:58:04.367,TravelML,TravelML_r1_pr4_fp23,COMPLETED,"Effects applied successfully",920768.89
675,2025-09-08 12:58:04.749,PickUpHL,PickUpHL_b17_fp23_r1,STARTED,"High-level execution with subtree: FF_Default_DynamicFlow_PickUpHL_b17_fp23_r1; DeltaTime: 0.100",921150.49
676,2025-09-08 12:58:04.766,PickUpML,PickUpML_b17_fp23_r1_vg1,STARTED,"Normal execution; DeltaTime: 0.100",921167.59
677,2025-09-08 12:58:04.766,PickUpML,PickUpML_b17_fp23_r1_vg1,STARTED,"DeltaTime: 0.100",921167.80
678,2025-09-08 12:58:04.793,PickUpML,PickUpML_b17_fp23_r1_vg1,COMPLETED,"Effects applied successfully",921194.68
679,2025-09-08 12:58:04.796,PickUpHL,PickUpHL_b17_fp23_r1,COMPLETED,"Subtree execution completed successfully",921197.72
680,2025-09-08 12:58:05.118,StackHL,StackHL_b17_lp3_r1_pr3_lay1_m3,STARTED,"High-level execution with subtree: FF_Default_DynamicFlow_StackHL_b17_lp3_r1_pr3_lay1_m3; DeltaTime: 0.100",921520.15
681,2025-09-08 12:58:07.644,StackHL,StackHL_b17_lp3_r1_pr3_lay1_m3,FAILED,"Subtree execution failed",924045.55
682,2025-09-08 12:58:07.984,PickUpHL,PickUpHL_b19_fp26_r1,STARTED,"High-level execution with subtree: FF_Default_DynamicFlow_PickUpHL_b19_fp26_r1; DeltaTime: 0.100",924386.26
683,2025-09-08 12:58:10.494,PickUpHL,PickUpHL_b19_fp26_r1,FAILED,"Subtree execution failed",926895.66
684,2025-09-08 12:58:11.017,PickUpHL,PickUpHL_b5_fp7_r1,STARTED,"High-level execution with subtree: FF_Default_DynamicFlow_PickUpHL_b5_fp7_r1; DeltaTime: 0.100",927418.59
685,2025-09-08 12:58:13.679,PickUpHL,PickUpHL_b5_fp7_r1,FAILED,"Subtree execution failed",930080.75
686,2025-09-08 12:58:14.023,PickUpHL,PickUpHL_b11_fp15_r1,STARTED,"High-level execution with subtree: FF_Default_DynamicFlow_PickUpHL_b11_fp15_r1; DeltaTime: 0.100",930424.64
687,2025-09-08 12:58:16.777,PickUpHL,PickUpHL_b11_fp15_r1,FAILED,"Subtree execution failed",933178.83
688,2025-09-08 12:58:17.151,StackHL,StackHL_b17_lp3_r1_pr3_lay1_m3,STARTED,"High-level execution with subtree: FF_Default_DynamicFlow_StackHL_b17_lp3_r1_pr3_lay1_m3; DeltaTime: 0.100",933552.89
689,2025-09-08 12:58:17.169,TravelML,TravelML_r1_fp23_pr3,STARTED,"Normal execution; DeltaTime: 0.100",933570.43
690,2025-09-08 12:58:17.169,TravelML,TravelML_r1_fp23_pr3,STARTED,"DeltaTime: 0.100",933570.66
691,2025-09-08 12:58:17.193,TravelML,TravelML_r1_fp23_pr3,COMPLETED,"Effects applied successfully",933594.63
692,2025-09-08 12:58:17.590,StackHL,StackHL_b17_lp3_r1_pr3_lay1_m3,STARTED,"High-level execution with subtree: FF_Default_DynamicFlow_StackHL_b17_lp3_r1_pr3_lay1_m3; DeltaTime: 0.100",933991.33
693,2025-09-08 12:58:17.606,StackML,StackML_b17_lp3_r1_vg1_pr3,STARTED,"Normal execution; DeltaTime: 0.100",934007.38
694,2025-09-08 12:58:17.606,StackML,StackML_b17_lp3_r1_vg1_pr3,STARTED,"DeltaTime: 0.100",934007.59
695,2025-09-08 12:58:17.640,StackML,StackML_b17_lp3_r1_vg1_pr3,COMPLETED,"Effects applied successfully",934041.52
696,2025-09-08 12:58:17.643,StackHL,StackHL_b17_lp3_r1_pr3_lay1_m3,COMPLETED,"Subtree execution completed successfully",934044.85
697,2025-09-08 12:58:17.984,PickUpHL,PickUpHL_b13_fp18_r1,STARTED,"High-level execution with subtree: FF_Default_DynamicFlow_PickUpHL_b13_fp18_r1; DeltaTime: 0.100",934386.03
698,2025-09-08 12:58:20.514,PickUpHL,PickUpHL_b13_fp18_r1,FAILED,"Subtree execution failed",936915.81
699,2025-09-08 12:58:20.850,PickUpHL,PickUpHL_b19_fp26_r1,STARTED,"High-level execution with subtree: FF_Default_DynamicFlow_PickUpHL_b19_fp26_r1; DeltaTime: 0.100",937252.05
700,2025-09-08 12:58:23.445,PickUpHL,PickUpHL_b19_fp26_r1,FAILED,"Subtree execution failed",939846.75
701,2025-09-08 12:58:23.970,PickUpHL,PickUpHL_b5_fp7_r1,STARTED,"High-level execution with subtree: FF_Default_DynamicFlow_PickUpHL_b5_fp7_r1; DeltaTime: 0.100",940371.94
702,2025-09-08 12:58:26.562,PickUpHL,PickUpHL_b5_fp7_r1,FAILED,"Subtree execution failed",942963.73
703,2025-09-08 12:58:26.891,PickUpHL,PickUpHL_b11_fp15_r1,STARTED,"High-level execution with subtree: FF_Default_DynamicFlow_PickUpHL_b11_fp15_r1; DeltaTime: 0.100",943293.07
704,2025-09-08 12:58:29.476,TravelML,TravelML_r1_pr3_fp15,STARTED,"Normal execution; DeltaTime: 0.100",945877.32
705,2025-09-08 12:58:29.476,TravelML,TravelML_r1_pr3_fp15,STARTED,"DeltaTime: 0.100",945877.51
706,2025-09-08 12:58:29.500,TravelML,TravelML_r1_pr3_fp15,COMPLETED,"Effects applied successfully",945901.53
707,2025-09-08 12:58:29.864,PickUpHL,PickUpHL_b11_fp15_r1,STARTED,"High-level execution with subtree: FF_Default_DynamicFlow_PickUpHL_b11_fp15_r1; DeltaTime: 0.100",946265.43
708,2025-09-08 12:58:29.878,PickUpML,PickUpML_b11_fp15_r1_vg1,STARTED,"Normal execution; DeltaTime: 0.100",946280.20
709,2025-09-08 12:58:29.879,PickUpML,PickUpML_b11_fp15_r1_vg1,STARTED,"DeltaTime: 0.100",946280.41
710,2025-09-08 12:58:29.905,PickUpML,PickUpML_b11_fp15_r1_vg1,COMPLETED,"Effects applied successfully",946306.61
711,2025-09-08 12:58:29.908,PickUpHL,PickUpHL_b11_fp15_r1,COMPLETED,"Subtree execution completed successfully",946309.51
712,2025-09-08 12:58:30.265,StackHL,StackHL_b11_lp2_r1_pr2_lay1_m2,STARTED,"High-level execution with subtree: FF_Default_DynamicFlow_StackHL_b11_lp2_r1_pr2_lay1_m2; DeltaTime: 0.100",946666.34
713,2025-09-08 12:58:32.899,StackHL,StackHL_b11_lp2_r1_pr2_lay1_m2,FAILED,"Subtree execution failed",949301.05
714,2025-09-08 12:58:33.232,PickUpHL,PickUpHL_b13_fp18_r1,STARTED,"High-level execution with subtree: FF_Default_DynamicFlow_PickUpHL_b13_fp18_r1; DeltaTime: 0.100",949633.45
715,2025-09-08 12:58:35.833,PickUpHL,PickUpHL_b13_fp18_r1,FAILED,"Subtree execution failed",952234.41
716,2025-09-08 12:58:36.145,PickUpHL,PickUpHL_b19_fp26_r1,STARTED,"High-level execution with subtree: FF_Default_DynamicFlow_PickUpHL_b19_fp26_r1; DeltaTime: 0.100",952546.91
717,2025-09-08 12:58:38.642,PickUpHL,PickUpHL_b19_fp26_r1,FAILED,"Subtree execution failed",955043.83
718,2025-09-08 12:58:39.149,PickUpHL,PickUpHL_b5_fp7_r1,STARTED,"High-level execution with subtree: FF_Default_DynamicFlow_PickUpHL_b5_fp7_r1; DeltaTime: 0.100",955551.19
719,2025-09-08 12:58:57.491,PickUpHL,PickUpHL_b5_fp7_r1,FAILED,"Subtree execution failed",973893.09
720,2025-09-08 12:58:57.888,StackHL,StackHL_b11_lp2_r1_pr2_lay1_m2,STARTED,"High-level execution with subtree: FF_Default_DynamicFlow_StackHL_b11_lp2_r1_pr2_lay1_m2; DeltaTime: 0.100",974290.03
721,2025-09-08 12:58:57.906,TravelML,TravelML_r1_fp15_pr2,STARTED,"Normal execution; DeltaTime: 0.100",974307.94
722,2025-09-08 12:58:57.906,TravelML,TravelML_r1_fp15_pr2,STARTED,"DeltaTime: 0.100",974308.24
723,2025-09-08 12:58:57.932,TravelML,TravelML_r1_fp15_pr2,COMPLETED,"Effects applied successfully",974333.87
724,2025-09-08 12:58:58.328,StackHL,StackHL_b11_lp2_r1_pr2_lay1_m2,STARTED,"High-level execution with subtree: FF_Default_DynamicFlow_StackHL_b11_lp2_r1_pr2_lay1_m2; DeltaTime: 0.100",974729.90
725,2025-09-08 12:58:58.343,StackML,StackML_b11_lp2_r1_vg1_pr2,STARTED,"Normal execution; DeltaTime: 0.100",974745.06
726,2025-09-08 12:58:58.343,StackML,StackML_b11_lp2_r1_vg1_pr2,STARTED,"DeltaTime: 0.100",974745.26
727,2025-09-08 12:58:58.378,StackML,StackML_b11_lp2_r1_vg1_pr2,COMPLETED,"Effects applied successfully",974779.54
728,2025-09-08 12:58:58.381,StackHL,StackHL_b11_lp2_r1_pr2_lay1_m2,COMPLETED,"Subtree execution completed successfully",974782.53
729,2025-09-08 12:58:58.714,PickUpHL,PickUpHL_b7_fp10_r1,STARTED,"High-level execution with subtree: FF_Default_DynamicFlow_PickUpHL_b7_fp10_r1; DeltaTime: 0.100",975116.22
730,2025-09-08 12:59:01.263,PickUpHL,PickUpHL_b7_fp10_r1,FAILED,"Subtree execution failed",977665.25
731,2025-09-08 12:59:01.579,PickUpHL,PickUpHL_b13_fp18_r1,STARTED,"High-level execution with subtree: FF_Default_DynamicFlow_PickUpHL_b13_fp18_r1; DeltaTime: 0.100",977980.77
732,2025-09-08 12:59:04.086,PickUpHL,PickUpHL_b13_fp18_r1,FAILED,"Subtree execution failed",980488.25
733,2025-09-08 12:59:04.408,PickUpHL,PickUpHL_b19_fp26_r1,STARTED,"High-level execution with subtree: FF_Default_DynamicFlow_PickUpHL_b19_fp26_r1; DeltaTime: 0.100",980809.77
734,2025-09-08 12:59:07.284,PickUpHL,PickUpHL_b19_fp26_r1,FAILED,"Subtree execution failed",983685.73
735,2025-09-08 12:59:07.794,PickUpHL,PickUpHL_b5_fp7_r1,STARTED,"High-level execution with subtree: FF_Default_DynamicFlow_PickUpHL_b5_fp7_r1; DeltaTime: 0.100",984196.19
736,2025-09-08 12:59:10.318,TravelML,TravelML_r1_pr2_fp7,STARTED,"Normal execution; DeltaTime: 0.100",986719.99
737,2025-09-08 12:59:10.318,TravelML,TravelML_r1_pr2_fp7,STARTED,"DeltaTime: 0.100",986720.22
738,2025-09-08 12:59:10.343,TravelML,TravelML_r1_pr2_fp7,COMPLETED,"Effects applied successfully",986744.77
739,2025-09-08 12:59:10.751,PickUpHL,PickUpHL_b5_fp7_r1,STARTED,"High-level execution with subtree: FF_Default_DynamicFlow_PickUpHL_b5_fp7_r1; DeltaTime: 0.100",987152.56
740,2025-09-08 12:59:10.766,PickUpML,PickUpML_b5_fp7_r1_vg1,STARTED,"Normal execution; DeltaTime: 0.100",987168.06
741,2025-09-08 12:59:10.767,PickUpML,PickUpML_b5_fp7_r1_vg1,STARTED,"DeltaTime: 0.100",987168.30
742,2025-09-08 12:59:10.795,PickUpML,PickUpML_b5_fp7_r1_vg1,COMPLETED,"Effects applied successfully",987196.46
743,2025-09-08 12:59:10.798,PickUpHL,PickUpHL_b5_fp7_r1,COMPLETED,"Subtree execution completed successfully",987199.53
744,2025-09-08 12:59:11.161,StackHL,StackHL_b5_lp1_r1_pr1_lay1_m1,STARTED,"High-level execution with subtree: FF_Default_DynamicFlow_StackHL_b5_lp1_r1_pr1_lay1_m1; DeltaTime: 0.100",987562.86
745,2025-09-08 12:59:14.014,StackHL,StackHL_b5_lp1_r1_pr1_lay1_m1,FAILED,"Subtree execution failed",990415.89
746,2025-09-08 12:59:14.364,PickUpHL,PickUpHL_b7_fp10_r1,STARTED,"High-level execution with subtree: FF_Default_DynamicFlow_PickUpHL_b7_fp10_r1; DeltaTime: 0.100",990765.97
747,2025-09-08 12:59:16.901,PickUpHL,PickUpHL_b7_fp10_r1,FAILED,"Subtree execution failed",993302.70
748,2025-09-08 12:59:17.334,PickUpHL,PickUpHL_b13_fp18_r1,STARTED,"High-level execution with subtree: FF_Default_DynamicFlow_PickUpHL_b13_fp18_r1; DeltaTime: 0.100",993735.69
749,2025-09-08 12:59:19.944,PickUpHL,PickUpHL_b13_fp18_r1,FAILED,"Subtree execution failed",996345.92
750,2025-09-08 12:59:20.370,PickUpHL,PickUpHL_b19_fp26_r1,STARTED,"High-level execution with subtree: FF_Default_DynamicFlow_PickUpHL_b19_fp26_r1; DeltaTime: 0.100",996772.24
751,2025-09-08 12:59:23.378,PickUpHL,PickUpHL_b19_fp26_r1,FAILED,"Subtree execution failed",999779.34
752,2025-09-08 12:59:24.029,StackHL,StackHL_b5_lp1_r1_pr1_lay1_m1,STARTED,"High-level execution with subtree: FF_Default_DynamicFlow_StackHL_b5_lp1_r1_pr1_lay1_m1; DeltaTime: 0.100",1000430.39
753,2025-09-08 12:59:24.045,TravelML,TravelML_r1_fp7_pr1,STARTED,"Normal execution; DeltaTime: 0.100",1000446.33
754,2025-09-08 12:59:24.045,TravelML,TravelML_r1_fp7_pr1,STARTED,"DeltaTime: 0.100",1000446.54
755,2025-09-08 12:59:24.069,TravelML,TravelML_r1_fp7_pr1,COMPLETED,"Effects applied successfully",1000470.73
756,2025-09-08 12:59:24.448,StackHL,StackHL_b5_lp1_r1_pr1_lay1_m1,STARTED,"High-level execution with subtree: FF_Default_DynamicFlow_StackHL_b5_lp1_r1_pr1_lay1_m1; DeltaTime: 0.100",1000850.04
757,2025-09-08 12:59:24.465,StackML,StackML_b5_lp1_r1_vg1_pr1,STARTED,"Normal execution; DeltaTime: 0.100",1000866.69
758,2025-09-08 12:59:24.465,StackML,StackML_b5_lp1_r1_vg1_pr1,STARTED,"DeltaTime: 0.100",1000866.92
759,2025-09-08 12:59:24.500,StackML,StackML_b5_lp1_r1_vg1_pr1,COMPLETED,"Effects applied successfully",1000901.79
760,2025-09-08 12:59:24.503,StackHL,StackHL_b5_lp1_r1_pr1_lay1_m1,COMPLETED,"Subtree execution completed successfully",1000904.97
761,2025-09-08 12:59:24.880,PickUpHL,PickUpHL_b1_fp2_r1,STARTED,"High-level execution with subtree: FF_Default_DynamicFlow_PickUpHL_b1_fp2_r1; DeltaTime: 0.100",1001281.34
762,2025-09-08 12:59:27.543,PickUpHL,PickUpHL_b1_fp2_r1,FAILED,"Subtree execution failed",1003945.23
763,2025-09-08 12:59:27.876,PickUpHL,PickUpHL_b7_fp10_r1,STARTED,"High-level execution with subtree: FF_Default_DynamicFlow_PickUpHL_b7_fp10_r1; DeltaTime: 0.100",1004278.02
764,2025-09-08 12:59:30.318,PickUpHL,PickUpHL_b7_fp10_r1,FAILED,"Subtree execution failed",1006719.72
765,2025-09-08 12:59:30.667,PickUpHL,PickUpHL_b13_fp18_r1,STARTED,"High-level execution with subtree: FF_Default_DynamicFlow_PickUpHL_b13_fp18_r1; DeltaTime: 0.100",1007068.79
766,2025-09-08 12:59:33.213,PickUpHL,PickUpHL_b13_fp18_r1,FAILED,"Subtree execution failed",1009614.77
767,2025-09-08 12:59:33.572,PickUpHL,PickUpHL_b19_fp26_r1,STARTED,"High-level execution with subtree: FF_Default_DynamicFlow_PickUpHL_b19_fp26_r1; DeltaTime: 0.100",1009973.58
768,2025-09-08 12:59:36.464,TravelML,TravelML_r1_pr1_fp26,STARTED,"Normal execution; DeltaTime: 0.100",1012865.81
769,2025-09-08 12:59:36.464,TravelML,TravelML_r1_pr1_fp26,STARTED,"DeltaTime: 0.100",1012866.01
770,2025-09-08 12:59:36.488,TravelML,TravelML_r1_pr1_fp26,COMPLETED,"Effects applied successfully",1012889.74
771,2025-09-08 12:59:36.852,PickUpHL,PickUpHL_b19_fp26_r1,STARTED,"High-level execution with subtree: FF_Default_DynamicFlow_PickUpHL_b19_fp26_r1; DeltaTime: 0.100",1013254.05
772,2025-09-08 12:59:36.868,PickUpML,PickUpML_b19_fp26_r1_vg1,STARTED,"Normal execution; DeltaTime: 0.100",1013269.96
773,2025-09-08 12:59:36.868,PickUpML,PickUpML_b19_fp26_r1_vg1,STARTED,"DeltaTime: 0.100",1013270.16
774,2025-09-08 12:59:36.895,PickUpML,PickUpML_b19_fp26_r1_vg1,COMPLETED,"Effects applied successfully",1013297.18
775,2025-09-08 12:59:36.898,PickUpHL,PickUpHL_b19_fp26_r1,COMPLETED,"Subtree execution completed successfully",1013300.14
776,2025-09-08 12:59:37.223,StackHL,StackHL_b19_lp4_r1_pr4_lay1_m4,STARTED,"High-level execution with subtree: FF_Default_DynamicFlow_StackHL_b19_lp4_r1_pr4_lay1_m4; DeltaTime: 0.100",1013624.46
777,2025-09-08 12:59:39.961,StackHL,StackHL_b19_lp4_r1_pr4_lay1_m4,FAILED,"Subtree execution failed",1016362.99
778,2025-09-08 12:59:40.492,PickUpHL,PickUpHL_b1_fp2_r1,STARTED,"High-level execution with subtree: FF_Default_DynamicFlow_PickUpHL_b1_fp2_r1; DeltaTime: 0.100",1016893.46
779,2025-09-08 12:59:43.051,PickUpHL,PickUpHL_b1_fp2_r1,FAILED,"Subtree execution failed",1019452.76
780,2025-09-08 12:59:43.374,PickUpHL,PickUpHL_b7_fp10_r1,STARTED,"High-level execution with subtree: FF_Default_DynamicFlow_PickUpHL_b7_fp10_r1; DeltaTime: 0.100",1019776.26
781,2025-09-08 12:59:46.009,PickUpHL,PickUpHL_b7_fp10_r1,FAILED,"Subtree execution failed",1022410.45
782,2025-09-08 12:59:46.358,PickUpHL,PickUpHL_b13_fp18_r1,STARTED,"High-level execution with subtree: FF_Default_DynamicFlow_PickUpHL_b13_fp18_r1; DeltaTime: 0.100",1022760.23
783,2025-09-08 12:59:48.835,PickUpHL,PickUpHL_b13_fp18_r1,FAILED,"Subtree execution failed",1025237.08
784,2025-09-08 12:59:49.206,StackHL,StackHL_b19_lp4_r1_pr4_lay1_m4,STARTED,"High-level execution with subtree: FF_Default_DynamicFlow_StackHL_b19_lp4_r1_pr4_lay1_m4; DeltaTime: 0.100",1025607.84
785,2025-09-08 12:59:49.223,TravelML,TravelML_r1_fp26_pr4,STARTED,"Normal execution; DeltaTime: 0.100",1025624.83
786,2025-09-08 12:59:49.223,TravelML,TravelML_r1_fp26_pr4,STARTED,"DeltaTime: 0.100",1025625.05
787,2025-09-08 12:59:49.249,TravelML,TravelML_r1_fp26_pr4,COMPLETED,"Effects applied successfully",1025650.45
788,2025-09-08 12:59:49.657,StackHL,StackHL_b19_lp4_r1_pr4_lay1_m4,STARTED,"High-level execution with subtree: FF_Default_DynamicFlow_StackHL_b19_lp4_r1_pr4_lay1_m4; DeltaTime: 0.100",1026059.06
789,2025-09-08 12:59:49.675,StackML,StackML_b19_lp4_r1_vg1_pr4,STARTED,"Normal execution; DeltaTime: 0.100",1026077.24
790,2025-09-08 12:59:49.676,StackML,StackML_b19_lp4_r1_vg1_pr4,STARTED,"DeltaTime: 0.100",1026077.46
791,2025-09-08 12:59:49.711,StackML,StackML_b19_lp4_r1_vg1_pr4,COMPLETED,"Effects applied successfully",1026112.37
792,2025-09-08 12:59:49.714,StackHL,StackHL_b19_lp4_r1_pr4_lay1_m4,COMPLETED,"Subtree execution completed successfully",1026115.34
793,2025-09-08 12:59:50.046,PickUpHL,PickUpHL_b20_fp27_r1,STARTED,"High-level execution with subtree: FF_Default_DynamicFlow_PickUpHL_b20_fp27_r1; DeltaTime: 0.100",1026447.52
794,2025-09-08 12:59:52.666,PickUpHL,PickUpHL_b20_fp27_r1,FAILED,"Subtree execution failed",1029067.35
795,2025-09-08 12:59:53.157,PickUpHL,PickUpHL_b1_fp2_r1,STARTED,"High-level execution with subtree: FF_Default_DynamicFlow_PickUpHL_b1_fp2_r1; DeltaTime: 0.100",1029558.40
796,2025-09-08 12:59:55.680,PickUpHL,PickUpHL_b1_fp2_r1,FAILED,"Subtree execution failed",1032081.93
797,2025-09-08 12:59:56.004,PickUpHL,PickUpHL_b7_fp10_r1,STARTED,"High-level execution with subtree: FF_Default_DynamicFlow_PickUpHL_b7_fp10_r1; DeltaTime: 0.100",1032405.51
798,2025-09-08 12:59:58.512,PickUpHL,PickUpHL_b7_fp10_r1,FAILED,"Subtree execution failed",1034914.03
799,2025-09-08 13:00:57.491,PickUpHL,PickUpHL_b13_fp18_r1,STARTED,"High-level execution with subtree: FF_Default_DynamicFlow_PickUpHL_b13_fp18_r1; DeltaTime: 0.100",1093893.08
800,2025-09-08 13:01:00.025,TravelML,TravelML_r1_pr4_fp18,STARTED,"Normal execution; DeltaTime: 0.100",1096426.43
801,2025-09-08 13:01:00.025,TravelML,TravelML_r1_pr4_fp18,STARTED,"DeltaTime: 0.100",1096426.72
802,2025-09-08 13:01:00.053,TravelML,TravelML_r1_pr4_fp18,COMPLETED,"Effects applied successfully",1096454.29
803,2025-09-08 13:01:00.431,PickUpHL,PickUpHL_b13_fp18_r1,STARTED,"High-level execution with subtree: FF_Default_DynamicFlow_PickUpHL_b13_fp18_r1; DeltaTime: 0.100",1096832.29
804,2025-09-08 13:01:00.448,PickUpML,PickUpML_b13_fp18_r1_vg1,STARTED,"Normal execution; DeltaTime: 0.100",1096849.50
805,2025-09-08 13:01:00.448,PickUpML,PickUpML_b13_fp18_r1_vg1,STARTED,"DeltaTime: 0.100",1096849.73
806,2025-09-08 13:01:00.478,PickUpML,PickUpML_b13_fp18_r1_vg1,COMPLETED,"Effects applied successfully",1096879.95
807,2025-09-08 13:01:00.481,PickUpHL,PickUpHL_b13_fp18_r1,COMPLETED,"Subtree execution completed successfully",1096883.05
808,2025-09-08 13:01:00.843,StackHL,StackHL_b13_lp3_r1_pr3_lay1_m3,STARTED,"High-level execution with subtree: FF_Default_DynamicFlow_StackHL_b13_lp3_r1_pr3_lay1_m3; DeltaTime: 0.100",1097244.36
809,2025-09-08 13:01:03.748,StackHL,StackHL_b13_lp3_r1_pr3_lay1_m3,FAILED,"Subtree execution failed",1100150.14
810,2025-09-08 13:01:04.061,PickUpHL,PickUpHL_b20_fp27_r1,STARTED,"High-level execution with subtree: FF_Default_DynamicFlow_PickUpHL_b20_fp27_r1; DeltaTime: 0.100",1100462.76
811,2025-09-08 13:01:06.665,PickUpHL,PickUpHL_b20_fp27_r1,FAILED,"Subtree execution failed",1103066.82
812,2025-09-08 13:01:07.160,PickUpHL,PickUpHL_b1_fp2_r1,STARTED,"High-level execution with subtree: FF_Default_DynamicFlow_PickUpHL_b1_fp2_r1; DeltaTime: 0.100",1103562.03
813,2025-09-08 13:01:09.668,PickUpHL,PickUpHL_b1_fp2_r1,FAILED,"Subtree execution failed",1106069.75
814,2025-09-08 13:01:10.002,PickUpHL,PickUpHL_b7_fp10_r1,STARTED,"High-level execution with subtree: FF_Default_DynamicFlow_PickUpHL_b7_fp10_r1; DeltaTime: 0.100",1106403.43
815,2025-09-08 13:01:12.791,PickUpHL,PickUpHL_b7_fp10_r1,FAILED,"Subtree execution failed",1109192.69
816,2025-09-08 13:01:13.172,StackHL,StackHL_b13_lp3_r1_pr3_lay1_m3,STARTED,"High-level execution with subtree: FF_Default_DynamicFlow_StackHL_b13_lp3_r1_pr3_lay1_m3; DeltaTime: 0.100",1109573.78
817,2025-09-08 13:01:13.187,TravelML,TravelML_r1_fp18_pr3,STARTED,"Normal execution; DeltaTime: 0.100",1109589.03
818,2025-09-08 13:01:13.187,TravelML,TravelML_r1_fp18_pr3,STARTED,"DeltaTime: 0.100",1109589.23
819,2025-09-08 13:01:13.212,TravelML,TravelML_r1_fp18_pr3,COMPLETED,"Effects applied successfully",1109613.61
820,2025-09-08 13:01:13.597,StackHL,StackHL_b13_lp3_r1_pr3_lay1_m3,STARTED,"High-level execution with subtree: FF_Default_DynamicFlow_StackHL_b13_lp3_r1_pr3_lay1_m3; DeltaTime: 0.100",1109999.00
821,2025-09-08 13:01:13.613,StackML,StackML_b13_lp3_r1_vg1_pr3,STARTED,"Normal execution; DeltaTime: 0.100",1110014.48
822,2025-09-08 13:01:13.613,StackML,StackML_b13_lp3_r1_vg1_pr3,STARTED,"DeltaTime: 0.100",1110014.69
823,2025-09-08 13:01:13.648,StackML,StackML_b13_lp3_r1_vg1_pr3,COMPLETED,"Effects applied successfully",1110049.81
824,2025-09-08 13:01:13.651,StackHL,StackHL_b13_lp3_r1_pr3_lay1_m3,COMPLETED,"Subtree execution completed successfully",1110053.01
825,2025-09-08 13:01:13.996,PickUpHL,PickUpHL_b14_fp19_r1,STARTED,"High-level execution with subtree: FF_Default_DynamicFlow_PickUpHL_b14_fp19_r1; DeltaTime: 0.100",1110397.69
826,2025-09-08 13:01:17.059,PickUpHL,PickUpHL_b14_fp19_r1,FAILED,"Subtree execution failed",1113460.49
827,2025-09-08 13:01:17.366,PickUpHL,PickUpHL_b20_fp27_r1,STARTED,"High-level execution with subtree: FF_Default_DynamicFlow_PickUpHL_b20_fp27_r1; DeltaTime: 0.100",1113767.50
828,2025-09-08 13:01:19.885,PickUpHL,PickUpHL_b20_fp27_r1,FAILED,"Subtree execution failed",1116286.59
829,2025-09-08 13:01:20.389,PickUpHL,PickUpHL_b1_fp2_r1,STARTED,"High-level execution with subtree: FF_Default_DynamicFlow_PickUpHL_b1_fp2_r1; DeltaTime: 0.100",1116790.52
830,2025-09-08 13:01:22.875,PickUpHL,PickUpHL_b1_fp2_r1,FAILED,"Subtree execution failed",1119276.93
831,2025-09-08 13:01:23.217,PickUpHL,PickUpHL_b7_fp10_r1,STARTED,"High-level execution with subtree: FF_Default_DynamicFlow_PickUpHL_b7_fp10_r1; DeltaTime: 0.100",1119618.49
832,2025-09-08 13:01:25.733,TravelML,TravelML_r1_pr3_fp10,STARTED,"Normal execution; DeltaTime: 0.100",1122134.66
833,2025-09-08 13:01:25.733,TravelML,TravelML_r1_pr3_fp10,STARTED,"DeltaTime: 0.100",1122134.89
834,2025-09-08 13:01:25.760,TravelML,TravelML_r1_pr3_fp10,COMPLETED,"Effects applied successfully",1122161.29
835,2025-09-08 13:01:26.125,PickUpHL,PickUpHL_b7_fp10_r1,STARTED,"High-level execution with subtree: FF_Default_DynamicFlow_PickUpHL_b7_fp10_r1; DeltaTime: 0.100",1122527.14
836,2025-09-08 13:01:26.162,PickUpML,PickUpML_b7_fp10_r1_vg1,STARTED,"Normal execution; DeltaTime: 0.100",1122563.51
837,2025-09-08 13:01:26.162,PickUpML,PickUpML_b7_fp10_r1_vg1,STARTED,"DeltaTime: 0.100",1122563.88
838,2025-09-08 13:01:26.190,PickUpML,PickUpML_b7_fp10_r1_vg1,COMPLETED,"Effects applied successfully",1122591.81
839,2025-09-08 13:01:26.193,PickUpHL,PickUpHL_b7_fp10_r1,COMPLETED,"Subtree execution completed successfully",1122594.58
840,2025-09-08 13:01:26.538,StackHL,StackHL_b7_lp2_r1_pr2_lay1_m2,STARTED,"High-level execution with subtree: FF_Default_DynamicFlow_StackHL_b7_lp2_r1_pr2_lay1_m2; DeltaTime: 0.100",1122939.42
841,2025-09-08 13:01:29.000,StackHL,StackHL_b7_lp2_r1_pr2_lay1_m2,FAILED,"Subtree execution failed",1125401.73
842,2025-09-08 13:01:29.312,PickUpHL,PickUpHL_b14_fp19_r1,STARTED,"High-level execution with subtree: FF_Default_DynamicFlow_PickUpHL_b14_fp19_r1; DeltaTime: 0.100",1125714.02
843,2025-09-08 13:01:31.883,PickUpHL,PickUpHL_b14_fp19_r1,FAILED,"Subtree execution failed",1128284.59
844,2025-09-08 13:01:32.197,PickUpHL,PickUpHL_b20_fp27_r1,STARTED,"High-level execution with subtree: FF_Default_DynamicFlow_PickUpHL_b20_fp27_r1; DeltaTime: 0.100",1128598.85
845,2025-09-08 13:01:34.739,PickUpHL,PickUpHL_b20_fp27_r1,FAILED,"Subtree execution failed",1131140.90
846,2025-09-08 13:01:35.253,PickUpHL,PickUpHL_b1_fp2_r1,STARTED,"High-level execution with subtree: FF_Default_DynamicFlow_PickUpHL_b1_fp2_r1; DeltaTime: 0.100",1131655.04
847,2025-09-08 13:01:37.777,PickUpHL,PickUpHL_b1_fp2_r1,FAILED,"Subtree execution failed",1134178.86
848,2025-09-08 13:01:38.142,StackHL,StackHL_b7_lp2_r1_pr2_lay1_m2,STARTED,"High-level execution with subtree: FF_Default_DynamicFlow_StackHL_b7_lp2_r1_pr2_lay1_m2; DeltaTime: 0.100",1134543.90
849,2025-09-08 13:01:38.158,TravelML,TravelML_r1_fp10_pr2,STARTED,"Normal execution; DeltaTime: 0.100",1134559.80
850,2025-09-08 13:01:38.158,TravelML,TravelML_r1_fp10_pr2,STARTED,"DeltaTime: 0.100",1134560.03
851,2025-09-08 13:01:38.184,TravelML,TravelML_r1_fp10_pr2,COMPLETED,"Effects applied successfully",1134585.78
852,2025-09-08 13:01:38.562,StackHL,StackHL_b7_lp2_r1_pr2_lay1_m2,STARTED,"High-level execution with subtree: FF_Default_DynamicFlow_StackHL_b7_lp2_r1_pr2_lay1_m2; DeltaTime: 0.100",1134963.93
853,2025-09-08 13:01:38.582,StackML,StackML_b7_lp2_r1_vg1_pr2,STARTED,"Normal execution; DeltaTime: 0.100",1134983.84
854,2025-09-08 13:01:38.582,StackML,StackML_b7_lp2_r1_vg1_pr2,STARTED,"DeltaTime: 0.100",1134984.05
855,2025-09-08 13:01:38.616,StackML,StackML_b7_lp2_r1_vg1_pr2,COMPLETED,"Effects applied successfully",1135017.49
856,2025-09-08 13:01:38.619,StackHL,StackHL_b7_lp2_r1_pr2_lay1_m2,COMPLETED,"Subtree execution completed successfully",1135020.32
857,2025-09-08 13:01:38.975,PickUpHL,PickUpHL_b8_fp11_r1,STARTED,"High-level execution with subtree: FF_Default_DynamicFlow_PickUpHL_b8_fp11_r1; DeltaTime: 0.100",1135376.44
858,2025-09-08 13:01:41.501,PickUpHL,PickUpHL_b8_fp11_r1,FAILED,"Subtree execution failed",1137902.87
859,2025-09-08 13:01:41.808,PickUpHL,PickUpHL_b14_fp19_r1,STARTED,"High-level execution with subtree: FF_Default_DynamicFlow_PickUpHL_b14_fp19_r1; DeltaTime: 0.100",1138210.23
860,2025-09-08 13:01:44.699,PickUpHL,PickUpHL_b14_fp19_r1,FAILED,"Subtree execution failed",1141100.76
861,2025-09-08 13:01:45.018,PickUpHL,PickUpHL_b20_fp27_r1,STARTED,"High-level execution with subtree: FF_Default_DynamicFlow_PickUpHL_b20_fp27_r1; DeltaTime: 0.100",1141419.86
862,2025-09-08 13:01:47.887,PickUpHL,PickUpHL_b20_fp27_r1,FAILED,"Subtree execution failed",1144288.82
863,2025-09-08 13:01:48.391,PickUpHL,PickUpHL_b1_fp2_r1,STARTED,"High-level execution with subtree: FF_Default_DynamicFlow_PickUpHL_b1_fp2_r1; DeltaTime: 0.100",1144792.62
864,2025-09-08 13:01:50.912,TravelML,TravelML_r1_pr2_fp2,STARTED,"Normal execution; DeltaTime: 0.100",1147313.88
865,2025-09-08 13:01:50.912,TravelML,TravelML_r1_pr2_fp2,STARTED,"DeltaTime: 0.100",1147314.08
866,2025-09-08 13:01:50.936,TravelML,TravelML_r1_pr2_fp2,COMPLETED,"Effects applied successfully",1147337.75
867,2025-09-08 13:01:51.315,PickUpHL,PickUpHL_b1_fp2_r1,STARTED,"High-level execution with subtree: FF_Default_DynamicFlow_PickUpHL_b1_fp2_r1; DeltaTime: 0.100",1147716.70
868,2025-09-08 13:01:51.331,PickUpML,PickUpML_b1_fp2_r1_vg1,STARTED,"Normal execution; DeltaTime: 0.100",1147732.32
869,2025-09-08 13:01:51.331,PickUpML,PickUpML_b1_fp2_r1_vg1,STARTED,"DeltaTime: 0.100",1147732.52
870,2025-09-08 13:01:51.359,PickUpML,PickUpML_b1_fp2_r1_vg1,COMPLETED,"Effects applied successfully",1147761.20
871,2025-09-08 13:01:51.362,PickUpHL,PickUpHL_b1_fp2_r1,COMPLETED,"Subtree execution completed successfully",1147764.18
872,2025-09-08 13:01:51.711,StackHL,StackHL_b1_lp1_r1_pr1_lay1_m1,STARTED,"High-level execution with subtree: FF_Default_DynamicFlow_StackHL_b1_lp1_r1_pr1_lay1_m1; DeltaTime: 0.100",1148112.69
873,2025-09-08 13:01:54.211,StackHL,StackHL_b1_lp1_r1_pr1_lay1_m1,FAILED,"Subtree execution failed",1150612.84
874,2025-09-08 13:01:54.541,PickUpHL,PickUpHL_b8_fp11_r1,STARTED,"High-level execution with subtree: FF_Default_DynamicFlow_PickUpHL_b8_fp11_r1; DeltaTime: 0.100",1150942.91
875,2025-09-08 13:01:57.124,PickUpHL,PickUpHL_b8_fp11_r1,FAILED,"Subtree execution failed",1153525.73
876,2025-09-08 13:01:57.472,PickUpHL,PickUpHL_b14_fp19_r1,STARTED,"High-level execution with subtree: FF_Default_DynamicFlow_PickUpHL_b14_fp19_r1; DeltaTime: 0.100",1153873.84
877,2025-09-08 13:02:00.063,PickUpHL,PickUpHL_b14_fp19_r1,FAILED,"Subtree execution failed",1156464.63
878,2025-09-08 13:02:00.455,PickUpHL,PickUpHL_b20_fp27_r1,STARTED,"High-level execution with subtree: FF_Default_DynamicFlow_PickUpHL_b20_fp27_r1; DeltaTime: 0.100",1156856.87
879,2025-09-08 13:02:02.984,PickUpHL,PickUpHL_b20_fp27_r1,FAILED,"Subtree execution failed",1159386.02
880,2025-09-08 13:02:03.648,StackHL,StackHL_b1_lp1_r1_pr1_lay1_m1,STARTED,"High-level execution with subtree: FF_Default_DynamicFlow_StackHL_b1_lp1_r1_pr1_lay1_m1; DeltaTime: 0.100",1160049.88
881,2025-09-08 13:02:03.663,TravelML,TravelML_r1_fp2_pr1,STARTED,"Normal execution; DeltaTime: 0.100",1160064.91
882,2025-09-08 13:02:03.663,TravelML,TravelML_r1_fp2_pr1,STARTED,"DeltaTime: 0.100",1160065.12
883,2025-09-08 13:02:03.690,TravelML,TravelML_r1_fp2_pr1,COMPLETED,"Effects applied successfully",1160091.31
884,2025-09-08 13:02:04.064,StackHL,StackHL_b1_lp1_r1_pr1_lay1_m1,STARTED,"High-level execution with subtree: FF_Default_DynamicFlow_StackHL_b1_lp1_r1_pr1_lay1_m1; DeltaTime: 0.100",1160465.88
885,2025-09-08 13:02:04.080,StackML,StackML_b1_lp1_r1_vg1_pr1,STARTED,"Normal execution; DeltaTime: 0.100",1160481.77
886,2025-09-08 13:02:04.080,StackML,StackML_b1_lp1_r1_vg1_pr1,STARTED,"DeltaTime: 0.100",1160482.15
887,2025-09-08 13:02:04.117,StackML,StackML_b1_lp1_r1_vg1_pr1,COMPLETED,"Effects applied successfully",1160518.32
888,2025-09-08 13:02:04.119,StackHL,StackHL_b1_lp1_r1_pr1_lay1_m1,COMPLETED,"Subtree execution completed successfully",1160521.24
889,2025-09-08 13:02:04.463,PickUpHL,PickUpHL_b2_fp3_r1,STARTED,"High-level execution with subtree: FF_Default_DynamicFlow_PickUpHL_b2_fp3_r1; DeltaTime: 0.100",1160864.78
890,2025-09-08 13:02:07.413,PickUpHL,PickUpHL_b2_fp3_r1,FAILED,"Subtree execution failed",1163814.44
891,2025-09-08 13:02:07.755,PickUpHL,PickUpHL_b8_fp11_r1,STARTED,"High-level execution with subtree: FF_Default_DynamicFlow_PickUpHL_b8_fp11_r1; DeltaTime: 0.100",1164156.44
892,2025-09-08 13:02:10.232,PickUpHL,PickUpHL_b8_fp11_r1,FAILED,"Subtree execution failed",1166633.94
893,2025-09-08 13:02:10.592,PickUpHL,PickUpHL_b14_fp19_r1,STARTED,"High-level execution with subtree: FF_Default_DynamicFlow_PickUpHL_b14_fp19_r1; DeltaTime: 0.100",1166994.21
894,2025-09-08 13:02:13.119,PickUpHL,PickUpHL_b14_fp19_r1,FAILED,"Subtree execution failed",1169520.35
895,2025-09-08 13:02:13.495,PickUpHL,PickUpHL_b20_fp27_r1,STARTED,"High-level execution with subtree: FF_Default_DynamicFlow_PickUpHL_b20_fp27_r1; DeltaTime: 0.100",1169896.36
896,2025-09-08 13:02:16.033,TravelML,TravelML_r1_pr1_fp27,STARTED,"Normal execution; DeltaTime: 0.100",1172434.67
897,2025-09-08 13:02:16.033,TravelML,TravelML_r1_pr1_fp27,STARTED,"DeltaTime: 0.100",1172434.87
898,2025-09-08 13:02:16.056,TravelML,TravelML_r1_pr1_fp27,COMPLETED,"Effects applied successfully",1172457.82
899,2025-09-08 13:02:16.440,PickUpHL,PickUpHL_b20_fp27_r1,STARTED,"High-level execution with subtree: FF_Default_DynamicFlow_PickUpHL_b20_fp27_r1; DeltaTime: 0.100",1172841.57
900,2025-09-08 13:02:16.457,PickUpML,PickUpML_b20_fp27_r1_vg1,STARTED,"Normal execution; DeltaTime: 0.100",1172858.74
901,2025-09-08 13:02:16.457,PickUpML,PickUpML_b20_fp27_r1_vg1,STARTED,"DeltaTime: 0.100",1172858.94
902,2025-09-08 13:02:16.485,PickUpML,PickUpML_b20_fp27_r1_vg1,COMPLETED,"Effects applied successfully",1172887.15
903,2025-09-08 13:02:16.488,PickUpHL,PickUpHL_b20_fp27_r1,COMPLETED,"Subtree execution completed successfully",1172890.26
904,2025-09-08 13:02:16.844,StackHL,StackHL_b20_lp4_r1_pr4_lay1_m4,STARTED,"High-level execution with subtree: FF_Default_DynamicFlow_StackHL_b20_lp4_r1_pr4_lay1_m4; DeltaTime: 0.100",1173245.28
905,2025-09-08 13:02:19.364,StackHL,StackHL_b20_lp4_r1_pr4_lay1_m4,FAILED,"Subtree execution failed",1175765.51
906,2025-09-08 13:02:19.895,PickUpHL,PickUpHL_b2_fp3_r1,STARTED,"High-level execution with subtree: FF_Default_DynamicFlow_PickUpHL_b2_fp3_r1; DeltaTime: 0.100",1176297.26
907,2025-09-08 13:02:22.536,PickUpHL,PickUpHL_b2_fp3_r1,FAILED,"Subtree execution failed",1178937.48
908,2025-09-08 13:02:22.874,PickUpHL,PickUpHL_b8_fp11_r1,STARTED,"High-level execution with subtree: FF_Default_DynamicFlow_PickUpHL_b8_fp11_r1; DeltaTime: 0.100",1179275.81
909,2025-09-08 13:02:25.414,PickUpHL,PickUpHL_b8_fp11_r1,FAILED,"Subtree execution failed",1181815.90
910,2025-09-08 13:02:25.752,PickUpHL,PickUpHL_b14_fp19_r1,STARTED,"High-level execution with subtree: FF_Default_DynamicFlow_PickUpHL_b14_fp19_r1; DeltaTime: 0.100",1182153.67
911,2025-09-08 13:02:28.295,PickUpHL,PickUpHL_b14_fp19_r1,FAILED,"Subtree execution failed",1184696.28
912,2025-09-08 13:02:28.694,StackHL,StackHL_b20_lp4_r1_pr4_lay1_m4,STARTED,"High-level execution with subtree: FF_Default_DynamicFlow_StackHL_b20_lp4_r1_pr4_lay1_m4; DeltaTime: 0.100",1185095.40
913,2025-09-08 13:02:28.707,TravelML,TravelML_r1_fp27_pr4,STARTED,"Normal execution; DeltaTime: 0.100",1185109.10
914,2025-09-08 13:02:28.708,TravelML,TravelML_r1_fp27_pr4,STARTED,"DeltaTime: 0.100",1185109.28
915,2025-09-08 13:02:28.731,TravelML,TravelML_r1_fp27_pr4,COMPLETED,"Effects applied successfully",1185133.13
916,2025-09-08 13:02:57.816,StackHL,StackHL_b20_lp4_r1_pr4_lay1_m4,STARTED,"High-level execution with subtree: FF_Default_DynamicFlow_StackHL_b20_lp4_r1_pr4_lay1_m4; DeltaTime: 0.100",1214217.97
917,2025-09-08 13:02:57.831,StackML,StackML_b20_lp4_r1_vg1_pr4,STARTED,"Normal execution; DeltaTime: 0.100",1214232.94
918,2025-09-08 13:02:57.831,StackML,StackML_b20_lp4_r1_vg1_pr4,STARTED,"DeltaTime: 0.100",1214233.16
919,2025-09-08 13:02:57.887,StackML,StackML_b20_lp4_r1_vg1_pr4,COMPLETED,"Effects applied successfully",1214289.05
920,2025-09-08 13:02:57.891,StackHL,StackHL_b20_lp4_r1_pr4_lay1_m4,COMPLETED,"Subtree execution completed successfully",1214292.30
921,2025-09-08 13:02:58.228,NailingHL,NailingHL_b20_pr4_r1,STARTED,"High-level execution with subtree: FF_Default_DynamicFlow_NailingHL_b20_pr4_r1; DeltaTime: 0.100",1214630.12
922,2025-09-08 13:03:00.901,NailingHL,NailingHL_b20_pr4_r1,FAILED,"Subtree execution failed",1217303.18
923,2025-09-08 13:03:01.440,PickUpHL,PickUpHL_b2_fp3_r1,STARTED,"High-level execution with subtree: FF_Default_DynamicFlow_PickUpHL_b2_fp3_r1; DeltaTime: 0.100",1217841.69
924,2025-09-08 13:03:03.957,PickUpHL,PickUpHL_b2_fp3_r1,FAILED,"Subtree execution failed",1220358.97
925,2025-09-08 13:03:04.289,PickUpHL,PickUpHL_b8_fp11_r1,STARTED,"High-level execution with subtree: FF_Default_DynamicFlow_PickUpHL_b8_fp11_r1; DeltaTime: 0.100",1220691.08
926,2025-09-08 13:03:07.038,PickUpHL,PickUpHL_b8_fp11_r1,FAILED,"Subtree execution failed",1223439.57
927,2025-09-08 13:03:07.389,PickUpHL,PickUpHL_b14_fp19_r1,STARTED,"High-level execution with subtree: FF_Default_DynamicFlow_PickUpHL_b14_fp19_r1; DeltaTime: 0.100",1223790.50
928,2025-09-08 13:03:10.103,TravelML,TravelML_r1_pr4_fp19,STARTED,"Normal execution; DeltaTime: 0.100",1226504.42
929,2025-09-08 13:03:10.103,TravelML,TravelML_r1_pr4_fp19,STARTED,"DeltaTime: 0.100",1226504.62
930,2025-09-08 13:03:10.128,TravelML,TravelML_r1_pr4_fp19,COMPLETED,"Effects applied successfully",1226529.87
931,2025-09-08 13:03:10.517,PickUpHL,PickUpHL_b14_fp19_r1,STARTED,"High-level execution with subtree: FF_Default_DynamicFlow_PickUpHL_b14_fp19_r1; DeltaTime: 0.100",1226918.84
932,2025-09-08 13:03:10.532,PickUpML,PickUpML_b14_fp19_r1_vg1,STARTED,"Normal execution; DeltaTime: 0.100",1226934.01
933,2025-09-08 13:03:10.532,PickUpML,PickUpML_b14_fp19_r1_vg1,STARTED,"DeltaTime: 0.100",1226934.21
934,2025-09-08 13:03:10.561,PickUpML,PickUpML_b14_fp19_r1_vg1,COMPLETED,"Effects applied successfully",1226962.90
935,2025-09-08 13:03:10.564,PickUpHL,PickUpHL_b14_fp19_r1,COMPLETED,"Subtree execution completed successfully",1226965.75
936,2025-09-08 13:03:10.935,StackHL,StackHL_b14_lp3_r1_pr3_lay1_m3,STARTED,"High-level execution with subtree: FF_Default_DynamicFlow_StackHL_b14_lp3_r1_pr3_lay1_m3; DeltaTime: 0.100",1227336.98
937,2025-09-08 13:03:13.526,StackHL,StackHL_b14_lp3_r1_pr3_lay1_m3,FAILED,"Subtree execution failed",1229927.40
938,2025-09-08 13:04:57.490,NailingHL,NailingHL_b20_pr4_r1,STARTED,"High-level execution with subtree: FF_Default_DynamicFlow_NailingHL_b20_pr4_r1; DeltaTime: 0.100",1333891.88
939,2025-09-08 13:05:00.492,NailingHL,NailingHL_b20_pr4_r1,FAILED,"Subtree execution failed",1336893.57
940,2025-09-08 13:05:00.992,PickUpHL,PickUpHL_b2_fp3_r1,STARTED,"High-level execution with subtree: FF_Default_DynamicFlow_PickUpHL_b2_fp3_r1; DeltaTime: 0.100",1337393.50
941,2025-09-08 13:05:03.538,PickUpHL,PickUpHL_b2_fp3_r1,FAILED,"Subtree execution failed",1339939.60
942,2025-09-08 13:05:03.880,PickUpHL,PickUpHL_b8_fp11_r1,STARTED,"High-level execution with subtree: FF_Default_DynamicFlow_PickUpHL_b8_fp11_r1; DeltaTime: 0.100",1340282.20
943,2025-09-08 13:05:06.413,PickUpHL,PickUpHL_b8_fp11_r1,FAILED,"Subtree execution failed",1342814.81
944,2025-09-08 13:05:06.817,StackHL,StackHL_b14_lp3_r1_pr3_lay1_m3,STARTED,"High-level execution with subtree: FF_Default_DynamicFlow_StackHL_b14_lp3_r1_pr3_lay1_m3; DeltaTime: 0.100",1343218.98
945,2025-09-08 13:05:06.832,TravelML,TravelML_r1_fp19_pr3,STARTED,"Normal execution; DeltaTime: 0.100",1343234.06
946,2025-09-08 13:05:06.832,TravelML,TravelML_r1_fp19_pr3,STARTED,"DeltaTime: 0.100",1343234.26
947,2025-09-08 13:05:06.861,TravelML,TravelML_r1_fp19_pr3,COMPLETED,"Effects applied successfully",1343262.31
948,2025-09-08 13:05:07.234,StackHL,StackHL_b14_lp3_r1_pr3_lay1_m3,STARTED,"High-level execution with subtree: FF_Default_DynamicFlow_StackHL_b14_lp3_r1_pr3_lay1_m3; DeltaTime: 0.100",1343635.77
949,2025-09-08 13:05:07.249,StackML,StackML_b14_lp3_r1_vg1_pr3,STARTED,"Normal execution; DeltaTime: 0.100",1343650.98
950,2025-09-08 13:05:07.249,StackML,StackML_b14_lp3_r1_vg1_pr3,STARTED,"DeltaTime: 0.100",1343651.19
951,2025-09-08 13:05:07.285,StackML,StackML_b14_lp3_r1_vg1_pr3,COMPLETED,"Effects applied successfully",1343687.22
952,2025-09-08 13:05:07.288,StackHL,StackHL_b14_lp3_r1_pr3_lay1_m3,COMPLETED,"Subtree execution completed successfully",1343690.07
953,2025-09-08 13:05:57.500,NailingHL,NailingHL_b14_pr3_r1,STARTED,"High-level execution with subtree: FF_Default_DynamicFlow_NailingHL_b14_pr3_r1; DeltaTime: 0.100",1393901.32
954,2025-09-08 13:06:00.071,NailingHL,NailingHL_b14_pr3_r1,FAILED,"Subtree execution failed",1396472.35
955,2025-09-08 13:06:00.390,NailingHL,NailingHL_b20_pr4_r1,STARTED,"High-level execution with subtree: FF_Default_DynamicFlow_NailingHL_b20_pr4_r1; DeltaTime: 0.100",1396791.54
956,2025-09-08 13:06:03.206,NailingHL,NailingHL_b20_pr4_r1,FAILED,"Subtree execution failed",1399607.44
957,2025-09-08 13:06:03.712,PickUpHL,PickUpHL_b2_fp3_r1,STARTED,"High-level execution with subtree: FF_Default_DynamicFlow_PickUpHL_b2_fp3_r1; DeltaTime: 0.100",1400113.79
958,2025-09-08 13:06:06.282,PickUpHL,PickUpHL_b2_fp3_r1,FAILED,"Subtree execution failed",1402683.38
959,2025-09-08 13:06:06.615,PickUpHL,PickUpHL_b8_fp11_r1,STARTED,"High-level execution with subtree: FF_Default_DynamicFlow_PickUpHL_b8_fp11_r1; DeltaTime: 0.100",1403016.84
960,2025-09-08 13:06:09.432,TravelML,TravelML_r1_pr3_fp11,STARTED,"Normal execution; DeltaTime: 0.100",1405834.02
961,2025-09-08 13:06:09.432,TravelML,TravelML_r1_pr3_fp11,STARTED,"DeltaTime: 0.100",1405834.22
962,2025-09-08 13:06:09.458,TravelML,TravelML_r1_pr3_fp11,COMPLETED,"Effects applied successfully",1405859.70
963,2025-09-08 13:06:09.843,PickUpHL,PickUpHL_b8_fp11_r1,STARTED,"High-level execution with subtree: FF_Default_DynamicFlow_PickUpHL_b8_fp11_r1; DeltaTime: 0.100",1406244.94
964,2025-09-08 13:06:09.859,PickUpML,PickUpML_b8_fp11_r1_vg1,STARTED,"Normal execution; DeltaTime: 0.100",1406260.55
965,2025-09-08 13:06:09.859,PickUpML,PickUpML_b8_fp11_r1_vg1,STARTED,"DeltaTime: 0.100",1406260.77
966,2025-09-08 13:06:09.887,PickUpML,PickUpML_b8_fp11_r1_vg1,COMPLETED,"Effects applied successfully",1406288.95
967,2025-09-08 13:06:09.890,PickUpHL,PickUpHL_b8_fp11_r1,COMPLETED,"Subtree execution completed successfully",1406291.78
968,2025-09-08 13:06:10.238,StackHL,StackHL_b8_lp2_r1_pr2_lay1_m2,STARTED,"High-level execution with subtree: FF_Default_DynamicFlow_StackHL_b8_lp2_r1_pr2_lay1_m2; DeltaTime: 0.100",1406639.72
969,2025-09-08 13:06:13.063,StackHL,StackHL_b8_lp2_r1_pr2_lay1_m2,FAILED,"Subtree execution failed",1409465.04
970,2025-09-08 13:06:13.372,NailingHL,NailingHL_b14_pr3_r1,STARTED,"High-level execution with subtree: FF_Default_DynamicFlow_NailingHL_b14_pr3_r1; DeltaTime: 0.100",1409773.32
971,2025-09-08 13:07:57.523,NailingHL,NailingHL_b14_pr3_r1,FAILED,"Subtree execution failed",1513924.87
972,2025-09-08 13:07:57.835,NailingHL,NailingHL_b20_pr4_r1,STARTED,"High-level execution with subtree: FF_Default_DynamicFlow_NailingHL_b20_pr4_r1; DeltaTime: 0.100",1514237.27
973,2025-09-08 13:08:00.517,NailingHL,NailingHL_b20_pr4_r1,FAILED,"Subtree execution failed",1516918.91
974,2025-09-08 13:08:01.043,PickUpHL,PickUpHL_b2_fp3_r1,STARTED,"High-level execution with subtree: FF_Default_DynamicFlow_PickUpHL_b2_fp3_r1; DeltaTime: 0.100",1517444.61
975,2025-09-08 13:08:03.655,PickUpHL,PickUpHL_b2_fp3_r1,FAILED,"Subtree execution failed",1520057.12
976,2025-09-08 13:08:04.065,StackHL,StackHL_b8_lp2_r1_pr2_lay1_m2,STARTED,"High-level execution with subtree: FF_Default_DynamicFlow_StackHL_b8_lp2_r1_pr2_lay1_m2; DeltaTime: 0.100",1520466.77
977,2025-09-08 13:08:04.083,TravelML,TravelML_r1_fp11_pr2,STARTED,"Normal execution; DeltaTime: 0.100",1520484.69
978,2025-09-08 13:08:04.083,TravelML,TravelML_r1_fp11_pr2,STARTED,"DeltaTime: 0.100",1520484.89
979,2025-09-08 13:08:04.108,TravelML,TravelML_r1_fp11_pr2,COMPLETED,"Effects applied successfully",1520510.24
980,2025-09-08 13:08:04.534,StackHL,StackHL_b8_lp2_r1_pr2_lay1_m2,STARTED,"High-level execution with subtree: FF_Default_DynamicFlow_StackHL_b8_lp2_r1_pr2_lay1_m2; DeltaTime: 0.100",1520935.78
981,2025-09-08 13:08:04.551,StackML,StackML_b8_lp2_r1_vg1_pr2,STARTED,"Normal execution; DeltaTime: 0.100",1520952.77
982,2025-09-08 13:08:04.551,StackML,StackML_b8_lp2_r1_vg1_pr2,STARTED,"DeltaTime: 0.100",1520953.05
983,2025-09-08 13:08:04.591,StackML,StackML_b8_lp2_r1_vg1_pr2,COMPLETED,"Effects applied successfully",1520992.62
984,2025-09-08 13:08:04.594,StackHL,StackHL_b8_lp2_r1_pr2_lay1_m2,COMPLETED,"Subtree execution completed successfully",1520995.99
985,2025-09-08 13:08:04.944,NailingHL,NailingHL_b8_pr2_r1,STARTED,"High-level execution with subtree: FF_Default_DynamicFlow_NailingHL_b8_pr2_r1; DeltaTime: 0.100",1521345.73
986,2025-09-08 13:08:08.190,NailingHL,NailingHL_b8_pr2_r1,FAILED,"Subtree execution failed",1524592.17
987,2025-09-08 13:08:08.587,NailingHL,NailingHL_b14_pr3_r1,STARTED,"High-level execution with subtree: FF_Default_DynamicFlow_NailingHL_b14_pr3_r1; DeltaTime: 0.100",1524988.71
988,2025-09-08 13:08:11.198,NailingHL,NailingHL_b14_pr3_r1,FAILED,"Subtree execution failed",1527599.83
989,2025-09-08 13:08:11.737,NailingHL,NailingHL_b20_pr4_r1,STARTED,"High-level execution with subtree: FF_Default_DynamicFlow_NailingHL_b20_pr4_r1; DeltaTime: 0.100",1528138.90
990,2025-09-08 13:08:14.354,NailingHL,NailingHL_b20_pr4_r1,FAILED,"Subtree execution failed",1530755.67
991,2025-09-08 13:08:14.980,PickUpHL,PickUpHL_b2_fp3_r1,STARTED,"High-level execution with subtree: FF_Default_DynamicFlow_PickUpHL_b2_fp3_r1; DeltaTime: 0.100",1531381.81
992,2025-09-08 13:08:18.048,TravelML,TravelML_r1_pr2_fp3,STARTED,"Normal execution; DeltaTime: 0.100",1534449.97
993,2025-09-08 13:08:18.049,TravelML,TravelML_r1_pr2_fp3,STARTED,"DeltaTime: 0.100",1534451.19
994,2025-09-08 13:08:18.200,TravelML,TravelML_r1_pr2_fp3,COMPLETED,"Effects applied successfully",1534601.93
995,2025-09-08 13:08:21.034,PickUpHL,PickUpHL_b2_fp3_r1,STARTED,"High-level execution with subtree: FF_Default_DynamicFlow_PickUpHL_b2_fp3_r1; DeltaTime: 0.100",1537435.32
996,2025-09-08 13:08:21.084,PickUpML,PickUpML_b2_fp3_r1_vg1,STARTED,"Normal execution; DeltaTime: 0.100",1537485.91
997,2025-09-08 13:08:21.085,PickUpML,PickUpML_b2_fp3_r1_vg1,STARTED,"DeltaTime: 0.100",1537486.57
998,2025-09-08 13:08:21.209,PickUpML,PickUpML_b2_fp3_r1_vg1,COMPLETED,"Effects applied successfully",1537610.46
999,2025-09-08 13:08:21.217,PickUpHL,PickUpHL_b2_fp3_r1,COMPLETED,"Subtree execution completed successfully",1537618.87
1000,2025-09-08 13:08:23.189,StackHL,StackHL_b2_lp1_r1_pr1_lay1_m1,STARTED,"High-level execution with subtree: FF_Default_DynamicFlow_StackHL_b2_lp1_r1_pr1_lay1_m1; DeltaTime: 0.100",1539590.48
1001,2025-09-08 13:08:26.182,StackHL,StackHL_b2_lp1_r1_pr1_lay1_m1,FAILED,"Subtree execution failed",1542583.36
1002,2025-09-08 13:08:27.523,NailingHL,NailingHL_b8_pr2_r1,STARTED,"High-level execution with subtree: FF_Default_DynamicFlow_NailingHL_b8_pr2_r1; DeltaTime: 0.100",1543924.65
1003,2025-09-08 13:08:30.548,NailingHL,NailingHL_b8_pr2_r1,FAILED,"Subtree execution failed",1546949.56
1004,2025-09-08 13:08:32.138,NailingHL,NailingHL_b14_pr3_r1,STARTED,"High-level execution with subtree: FF_Default_DynamicFlow_NailingHL_b14_pr3_r1; DeltaTime: 0.100",1548539.77
1005,2025-09-08 13:08:35.523,NailingHL,NailingHL_b14_pr3_r1,FAILED,"Subtree execution failed",1551924.37
1006,2025-09-08 13:08:37.475,NailingHL,NailingHL_b20_pr4_r1,STARTED,"High-level execution with subtree: FF_Default_DynamicFlow_NailingHL_b20_pr4_r1; DeltaTime: 0.100",1553877.07
1007,2025-09-08 13:08:41.161,NailingHL,NailingHL_b20_pr4_r1,FAILED,"Subtree execution failed",1557562.31
1008,2025-09-08 13:08:44.825,StackHL,StackHL_b2_lp1_r1_pr1_lay1_m1,STARTED,"High-level execution with subtree: FF_Default_DynamicFlow_StackHL_b2_lp1_r1_pr1_lay1_m1; DeltaTime: 0.100",1561227.03
1009,2025-09-08 13:08:45.001,TravelML,TravelML_r1_fp3_pr1,STARTED,"Normal execution; DeltaTime: 0.100",1561402.67
1010,2025-09-08 13:08:45.002,TravelML,TravelML_r1_fp3_pr1,STARTED,"DeltaTime: 0.100",1561403.44
1011,2025-09-08 13:08:45.299,TravelML,TravelML_r1_fp3_pr1,COMPLETED,"Effects applied successfully",1561700.33
1012,2025-09-08 13:08:48.087,StackHL,StackHL_b2_lp1_r1_pr1_lay1_m1,STARTED,"High-level execution with subtree: FF_Default_DynamicFlow_StackHL_b2_lp1_r1_pr1_lay1_m1; DeltaTime: 0.100",1564488.37
1013,2025-09-08 13:08:48.150,StackML,StackML_b2_lp1_r1_vg1_pr1,STARTED,"Normal execution; DeltaTime: 0.100",1564551.41
1014,2025-09-08 13:08:48.150,StackML,StackML_b2_lp1_r1_vg1_pr1,STARTED,"DeltaTime: 0.100",1564552.27
1015,2025-09-08 13:08:48.289,StackML,StackML_b2_lp1_r1_vg1_pr1,COMPLETED,"Effects applied successfully",1564690.37
1016,2025-09-08 13:08:48.304,StackHL,StackHL_b2_lp1_r1_pr1_lay1_m1,COMPLETED,"Subtree execution completed successfully",1564706.18
1017,2025-09-08 13:08:49.690,NailingHL,NailingHL_b2_pr1_r1,STARTED,"High-level execution with subtree: FF_Default_DynamicFlow_NailingHL_b2_pr1_r1; DeltaTime: 0.100",1566091.47
1018,2025-09-08 13:08:52.794,NailingHL,NailingHL_b2_pr1_r1,FAILED,"Subtree execution failed",1569196.18
1019,2025-09-08 13:08:54.534,NailingHL,NailingHL_b8_pr2_r1,STARTED,"High-level execution with subtree: FF_Default_DynamicFlow_NailingHL_b8_pr2_r1; DeltaTime: 0.100",1570935.61
1020,2025-09-08 13:08:57.939,NailingHL,NailingHL_b8_pr2_r1,FAILED,"Subtree execution failed",1574340.76
1021,2025-09-08 13:08:59.738,NailingHL,NailingHL_b14_pr3_r1,STARTED,"High-level execution with subtree: FF_Default_DynamicFlow_NailingHL_b14_pr3_r1; DeltaTime: 0.100",1576140.13
1022,2025-09-08 13:09:02.930,NailingHL,NailingHL_b14_pr3_r1,FAILED,"Subtree execution failed",1579332.07
1023,2025-09-08 13:09:04.515,NailingHL,NailingHL_b20_pr4_r1,STARTED,"High-level execution with subtree: FF_Default_DynamicFlow_NailingHL_b20_pr4_r1; DeltaTime: 0.100",1580917.21
1024,2025-09-08 13:09:08.351,TravelML,TravelML_r1_pr1_ep1,STARTED,"Normal execution; DeltaTime: 0.100",1584752.90
1025,2025-09-08 13:09:08.352,TravelML,TravelML_r1_pr1_ep1,STARTED,"DeltaTime: 0.100",1584753.69
1026,2025-09-08 13:09:08.494,TravelML,TravelML_r1_pr1_ep1,COMPLETED,"Effects applied successfully",1584895.47
1027,2025-09-08 13:09:10.679,NailingHL,NailingHL_b20_pr4_r1,STARTED,"High-level execution with subtree: FF_Default_DynamicFlow_NailingHL_b20_pr4_r1; DeltaTime: 0.100",1587080.73
1028,2025-09-08 13:09:10.819,CloseToolML,CloseToolML_r1_vg1,STARTED,"Normal execution; DeltaTime: 0.100",1587220.76
1029,2025-09-08 13:09:10.822,CloseToolML,CloseToolML_r1_vg1,STARTED,"DeltaTime: 0.100",1587224.00
1030,2025-09-08 13:09:11.066,CloseToolML,CloseToolML_r1_vg1,COMPLETED,"Effects applied successfully",1587468.25
1031,2025-09-08 13:09:13.500,NailingHL,NailingHL_b20_pr4_r1,STARTED,"High-level execution with subtree: FF_Default_DynamicFlow_NailingHL_b20_pr4_r1; DeltaTime: 0.100",1589901.95
1032,2025-09-08 13:09:13.653,DeequipML,DeequipML_r1_vg1_ep1,STARTED,"Normal execution; DeltaTime: 0.100",1590054.82
1033,2025-09-08 13:09:13.654,DeequipML,DeequipML_r1_vg1_ep1,STARTED,"DeltaTime: 0.100",1590055.46
1034,2025-09-08 13:09:13.805,DeequipML,DeequipML_r1_vg1_ep1,COMPLETED,"Effects applied successfully",1590206.30
1035,2025-09-08 13:09:15.970,NailingHL,NailingHL_b20_pr4_r1,STARTED,"High-level execution with subtree: FF_Default_DynamicFlow_NailingHL_b20_pr4_r1; DeltaTime: 0.100",1592372.21
1036,2025-09-08 13:09:16.176,TravelML,TravelML_r1_ep1_ep3,STARTED,"Normal execution; DeltaTime: 0.100",1592578.11
1037,2025-09-08 13:09:16.177,TravelML,TravelML_r1_ep1_ep3,STARTED,"DeltaTime: 0.100",1592578.84
1038,2025-09-08 13:09:16.377,TravelML,TravelML_r1_ep1_ep3,COMPLETED,"Effects applied successfully",1592778.88
1039,2025-09-08 13:09:18.638,NailingHL,NailingHL_b20_pr4_r1,STARTED,"High-level execution with subtree: FF_Default_DynamicFlow_NailingHL_b20_pr4_r1; DeltaTime: 0.100",1595039.85
1040,2025-09-08 13:09:18.821,EquipeML,EquipeML_r1_ng1_ep3,STARTED,"Normal execution; DeltaTime: 0.100",1595223.08
1041,2025-09-08 13:09:18.822,EquipeML,EquipeML_r1_ng1_ep3,STARTED,"DeltaTime: 0.100",1595223.58
1042,2025-09-08 13:09:18.966,EquipeML,EquipeML_r1_ng1_ep3,COMPLETED,"Effects applied successfully",1595368.22
1043,2025-09-08 13:09:21.264,NailingHL,NailingHL_b20_pr4_r1,STARTED,"High-level execution with subtree: FF_Default_DynamicFlow_NailingHL_b20_pr4_r1; DeltaTime: 0.100",1597665.80
1044,2025-09-08 13:09:21.486,TravelML,TravelML_r1_ep3_pr4,STARTED,"Normal execution; DeltaTime: 0.100",1597887.46
1045,2025-09-08 13:09:21.486,TravelML,TravelML_r1_ep3_pr4,STARTED,"DeltaTime: 0.100",1597888.13
1046,2025-09-08 13:09:21.680,TravelML,TravelML_r1_ep3_pr4,COMPLETED,"Effects applied successfully",1598081.34
1047,2025-09-08 13:09:23.704,NailingHL,NailingHL_b20_pr4_r1,STARTED,"High-level execution with subtree: FF_Default_DynamicFlow_NailingHL_b20_pr4_r1; DeltaTime: 0.100",1600105.31
1048,2025-09-08 13:09:23.861,InitializeML,InitializeML_r1_ng1,STARTED,"Normal execution; DeltaTime: 0.100",1600263.12
1049,2025-09-08 13:09:23.863,InitializeML,InitializeML_r1_ng1,STARTED,"DeltaTime: 0.100",1600265.13
1050,2025-09-08 13:09:23.977,InitializeML,InitializeML_r1_ng1,COMPLETED,"Effects applied successfully",1600378.31
1051,2025-09-08 13:09:25.660,NailingHL,NailingHL_b20_pr4_r1,STARTED,"High-level execution with subtree: FF_Default_DynamicFlow_NailingHL_b20_pr4_r1; DeltaTime: 0.100",1602061.63
1052,2025-09-08 13:09:25.915,NailingML,NailingML_b20_pr4_r1_ng1,STARTED,"Normal execution; DeltaTime: 0.100",1602316.97
1053,2025-09-08 13:09:25.917,NailingML,NailingML_b20_pr4_r1_ng1,STARTED,"DeltaTime: 0.100",1602318.64
1054,2025-09-08 13:09:26.110,NailingML,NailingML_b20_pr4_r1_ng1,COMPLETED,"Effects applied successfully",1602511.38
1055,2025-09-08 13:09:26.158,NailingHL,NailingHL_b20_pr4_r1,COMPLETED,"Subtree execution completed successfully",1602559.69
1056,2025-09-08 13:09:28.210,NailingHL,NailingHL_b19_pr4_r1,STARTED,"High-level execution with subtree: FF_Default_DynamicFlow_NailingHL_b19_pr4_r1; DeltaTime: 0.100",1604611.39
1057,2025-09-08 13:09:30.821,NailingHL,NailingHL_b19_pr4_r1,FAILED,"Subtree execution failed",1607222.57
1058,2025-09-08 13:09:33.222,NailingHL,NailingHL_b2_pr1_r1,STARTED,"High-level execution with subtree: FF_Default_DynamicFlow_NailingHL_b2_pr1_r1; DeltaTime: 0.100",1609623.97
1059,2025-09-08 13:09:35.843,NailingHL,NailingHL_b2_pr1_r1,FAILED,"Subtree execution failed",1612245.24
1060,2025-09-08 13:09:37.705,NailingHL,NailingHL_b8_pr2_r1,STARTED,"High-level execution with subtree: FF_Default_DynamicFlow_NailingHL_b8_pr2_r1; DeltaTime: 0.100",1614107.16
1061,2025-09-08 13:09:40.407,NailingHL,NailingHL_b8_pr2_r1,FAILED,"Subtree execution failed",1616808.37
1062,2025-09-08 13:09:42.431,NailingHL,NailingHL_b14_pr3_r1,STARTED,"High-level execution with subtree: FF_Default_DynamicFlow_NailingHL_b14_pr3_r1; DeltaTime: 0.100",1618832.95
1063,2025-09-08 13:09:45.135,NailingHL,NailingHL_b14_pr3_r1,FAILED,"Subtree execution failed",1621536.40
1064,2025-09-08 13:09:47.761,NailingHL,NailingHL_b19_pr4_r1,STARTED,"High-level execution with subtree: FF_Default_DynamicFlow_NailingHL_b19_pr4_r1; DeltaTime: 0.100",1624163.11
1065,2025-09-08 13:09:47.851,NailingML,NailingML_b19_pr4_r1_ng1,STARTED,"Normal execution; DeltaTime: 0.100",1624252.54
1066,2025-09-08 13:09:47.853,NailingML,NailingML_b19_pr4_r1_ng1,STARTED,"DeltaTime: 0.100",1624254.36
1067,2025-09-08 13:09:48.058,NailingML,NailingML_b19_pr4_r1_ng1,COMPLETED,"Effects applied successfully",1624459.34
1068,2025-09-08 13:09:48.083,NailingHL,NailingHL_b19_pr4_r1,COMPLETED,"Subtree execution completed successfully",1624484.98
1069,2025-09-08 13:09:49.669,NailingHL,NailingHL_b21_pr4_r1,STARTED,"High-level execution with subtree: FF_Default_DynamicFlow_NailingHL_b21_pr4_r1; DeltaTime: 0.100",1626070.95
1070,2025-09-08 13:09:52.595,NailingHL,NailingHL_b21_pr4_r1,FAILED,"Subtree execution failed",1628996.61
1071,2025-09-08 13:09:55.177,NailingHL,NailingHL_b2_pr1_r1,STARTED,"High-level execution with subtree: FF_Default_DynamicFlow_NailingHL_b2_pr1_r1; DeltaTime: 0.100",1631578.99
1072,2025-09-08 13:09:58.116,NailingHL,NailingHL_b2_pr1_r1,FAILED,"Subtree execution failed",1634517.65
1073,2025-09-08 13:09:59.691,NailingHL,NailingHL_b8_pr2_r1,STARTED,"High-level execution with subtree: FF_Default_DynamicFlow_NailingHL_b8_pr2_r1; DeltaTime: 0.100",1636092.55
1074,2025-09-08 13:10:02.350,NailingHL,NailingHL_b8_pr2_r1,FAILED,"Subtree execution failed",1638751.87
1075,2025-09-08 13:10:03.812,NailingHL,NailingHL_b14_pr3_r1,STARTED,"High-level execution with subtree: FF_Default_DynamicFlow_NailingHL_b14_pr3_r1; DeltaTime: 0.100",1640213.69
1076,2025-09-08 13:10:06.535,NailingHL,NailingHL_b14_pr3_r1,FAILED,"Subtree execution failed",1642936.88
1077,2025-09-08 13:10:08.229,NailingHL,NailingHL_b21_pr4_r1,STARTED,"High-level execution with subtree: FF_Default_DynamicFlow_NailingHL_b21_pr4_r1; DeltaTime: 0.100",1644630.69
1078,2025-09-08 13:10:08.255,NailingML,NailingML_b21_pr4_r1_ng1,STARTED,"Normal execution; DeltaTime: 0.100",1644657.25
1079,2025-09-08 13:10:08.256,NailingML,NailingML_b21_pr4_r1_ng1,STARTED,"DeltaTime: 0.100",1644657.74
1080,2025-09-08 13:10:08.312,NailingML,NailingML_b21_pr4_r1_ng1,COMPLETED,"Effects applied successfully",1644713.56
1081,2025-09-08 13:10:08.320,NailingHL,NailingHL_b21_pr4_r1,COMPLETED,"Subtree execution completed successfully",1644721.82
1082,2025-09-08 13:10:09.701,NailingHL,NailingHL_b23_pr4_r1,STARTED,"High-level execution with subtree: FF_Default_DynamicFlow_NailingHL_b23_pr4_r1; DeltaTime: 0.100",1646103.03
1083,2025-09-08 13:10:12.342,NailingHL,NailingHL_b23_pr4_r1,FAILED,"Subtree execution failed",1648744.27
1084,2025-09-08 13:10:14.668,NailingHL,NailingHL_b2_pr1_r1,STARTED,"High-level execution with subtree: FF_Default_DynamicFlow_NailingHL_b2_pr1_r1; DeltaTime: 0.100",1651069.69
1085,2025-09-08 13:10:17.441,NailingHL,NailingHL_b2_pr1_r1,FAILED,"Subtree execution failed",1653842.60
1086,2025-09-08 13:10:19.317,NailingHL,NailingHL_b8_pr2_r1,STARTED,"High-level execution with subtree: FF_Default_DynamicFlow_NailingHL_b8_pr2_r1; DeltaTime: 0.100",1655718.75
1087,2025-09-08 13:10:22.163,NailingHL,NailingHL_b8_pr2_r1,FAILED,"Subtree execution failed",1658565.05
1088,2025-09-08 13:10:23.880,NailingHL,NailingHL_b14_pr3_r1,STARTED,"High-level execution with subtree: FF_Default_DynamicFlow_NailingHL_b14_pr3_r1; DeltaTime: 0.100",1660281.93
1089,2025-09-08 13:10:26.575,NailingHL,NailingHL_b14_pr3_r1,FAILED,"Subtree execution failed",1662977.21
1090,2025-09-08 13:10:28.695,NailingHL,NailingHL_b23_pr4_r1,STARTED,"High-level execution with subtree: FF_Default_DynamicFlow_NailingHL_b23_pr4_r1; DeltaTime: 0.100",1665097.09
1091,2025-09-08 13:10:28.737,NailingML,NailingML_b23_pr4_r1_ng1,STARTED,"Normal execution; DeltaTime: 0.100",1665138.75
1092,2025-09-08 13:10:28.738,NailingML,NailingML_b23_pr4_r1_ng1,STARTED,"DeltaTime: 0.100",1665140.00
1093,2025-09-08 13:10:28.911,NailingML,NailingML_b23_pr4_r1_ng1,COMPLETED,"Effects applied successfully",1665313.19
1094,2025-09-08 13:10:28.938,NailingHL,NailingHL_b23_pr4_r1,COMPLETED,"Subtree execution completed successfully",1665340.01
1095,2025-09-08 13:10:30.727,NailingHL,NailingHL_b22_pr4_r1,STARTED,"High-level execution with subtree: FF_Default_DynamicFlow_NailingHL_b22_pr4_r1; DeltaTime: 0.100",1667128.29
1096,2025-09-08 13:10:33.474,NailingHL,NailingHL_b22_pr4_r1,FAILED,"Subtree execution failed",1669875.97
1097,2025-09-08 13:10:35.445,NailingHL,NailingHL_b2_pr1_r1,STARTED,"High-level execution with subtree: FF_Default_DynamicFlow_NailingHL_b2_pr1_r1; DeltaTime: 0.100",1671846.28
1098,2025-09-08 13:10:38.151,NailingHL,NailingHL_b2_pr1_r1,FAILED,"Subtree execution failed",1674553.12
1099,2025-09-08 13:10:39.935,NailingHL,NailingHL_b8_pr2_r1,STARTED,"High-level execution with subtree: FF_Default_DynamicFlow_NailingHL_b8_pr2_r1; DeltaTime: 0.100",1676336.39
1100,2025-09-08 13:10:42.573,NailingHL,NailingHL_b8_pr2_r1,FAILED,"Subtree execution failed",1678974.36
1101,2025-09-08 13:10:44.032,NailingHL,NailingHL_b14_pr3_r1,STARTED,"High-level execution with subtree: FF_Default_DynamicFlow_NailingHL_b14_pr3_r1; DeltaTime: 0.100",1680433.95
1102,2025-09-08 13:10:46.670,NailingHL,NailingHL_b14_pr3_r1,FAILED,"Subtree execution failed",1683071.76
1103,2025-09-08 13:10:49.112,NailingHL,NailingHL_b22_pr4_r1,STARTED,"High-level execution with subtree: FF_Default_DynamicFlow_NailingHL_b22_pr4_r1; DeltaTime: 0.100",1685513.33
1104,2025-09-08 13:10:49.190,NailingML,NailingML_b22_pr4_r1_ng1,STARTED,"Normal execution; DeltaTime: 0.100",1685591.63
1105,2025-09-08 13:10:49.193,NailingML,NailingML_b22_pr4_r1_ng1,STARTED,"DeltaTime: 0.100",1685594.96
1106,2025-09-08 13:10:49.412,NailingML,NailingML_b22_pr4_r1_ng1,COMPLETED,"Effects applied successfully",1685813.52
1107,2025-09-08 13:10:49.441,NailingHL,NailingHL_b22_pr4_r1,COMPLETED,"Subtree execution completed successfully",1685842.35
1108,2025-09-08 13:10:51.239,NailingHL,NailingHL_b24_pr4_r1,STARTED,"High-level execution with subtree: FF_Default_DynamicFlow_NailingHL_b24_pr4_r1; DeltaTime: 0.100",1687640.62
1109,2025-09-08 13:10:54.092,NailingHL,NailingHL_b24_pr4_r1,FAILED,"Subtree execution failed",1690493.64
1110,2025-09-08 13:10:56.753,NailingHL,NailingHL_b2_pr1_r1,STARTED,"High-level execution with subtree: FF_Default_DynamicFlow_NailingHL_b2_pr1_r1; DeltaTime: 0.100",1693154.35
1111,2025-09-08 13:10:59.501,NailingHL,NailingHL_b2_pr1_r1,FAILED,"Subtree execution failed",1695902.56
1112,2025-09-08 13:11:01.381,NailingHL,NailingHL_b8_pr2_r1,STARTED,"High-level execution with subtree: FF_Default_DynamicFlow_NailingHL_b8_pr2_r1; DeltaTime: 0.100",1697782.46
1113,2025-09-08 13:11:04.173,NailingHL,NailingHL_b8_pr2_r1,FAILED,"Subtree execution failed",1700574.28
1114,2025-09-08 13:11:06.181,NailingHL,NailingHL_b14_pr3_r1,STARTED,"High-level execution with subtree: FF_Default_DynamicFlow_NailingHL_b14_pr3_r1; DeltaTime: 0.100",1702582.58
1115,2025-09-08 13:11:09.119,NailingHL,NailingHL_b14_pr3_r1,FAILED,"Subtree execution failed",1705520.34
1116,2025-09-08 13:11:11.169,NailingHL,NailingHL_b24_pr4_r1,STARTED,"High-level execution with subtree: FF_Default_DynamicFlow_NailingHL_b24_pr4_r1; DeltaTime: 0.100",1707570.90
1117,2025-09-08 13:11:11.212,NailingML,NailingML_b24_pr4_r1_ng1,STARTED,"Normal execution; DeltaTime: 0.100",1707613.36
1118,2025-09-08 13:11:11.212,NailingML,NailingML_b24_pr4_r1_ng1,STARTED,"DeltaTime: 0.100",1707613.98
1119,2025-09-08 13:11:11.427,NailingML,NailingML_b24_pr4_r1_ng1,COMPLETED,"Effects applied successfully",1707828.45
1120,2025-09-08 13:11:11.457,NailingHL,NailingHL_b24_pr4_r1,COMPLETED,"Subtree execution completed successfully",1707858.83
1121,2025-09-08 13:11:13.143,GluingBeamHL,GluingBeamHL_b22_pr4_r1_m4_lay1,STARTED,"High-level execution with subtree: FF_Default_DynamicFlow_GluingBeamHL_b22_pr4_r1_m4_lay1; DeltaTime: 0.100",1709544.87
1122,2025-09-08 13:11:16.438,GluingBeamHL,GluingBeamHL_b22_pr4_r1_m4_lay1,FAILED,"Subtree execution failed",1712840.17
1123,2025-09-08 13:11:18.900,NailingHL,NailingHL_b2_pr1_r1,STARTED,"High-level execution with subtree: FF_Default_DynamicFlow_NailingHL_b2_pr1_r1; DeltaTime: 0.100",1715301.58
1124,2025-09-08 13:11:21.714,NailingHL,NailingHL_b2_pr1_r1,FAILED,"Subtree execution failed",1718115.77
1125,2025-09-08 13:11:23.119,NailingHL,NailingHL_b8_pr2_r1,STARTED,"High-level execution with subtree: FF_Default_DynamicFlow_NailingHL_b8_pr2_r1; DeltaTime: 0.100",1719520.47
1126,2025-09-08 13:11:26.147,NailingHL,NailingHL_b8_pr2_r1,FAILED,"Subtree execution failed",1722549.03
1127,2025-09-08 13:11:28.177,NailingHL,NailingHL_b14_pr3_r1,STARTED,"High-level execution with subtree: FF_Default_DynamicFlow_NailingHL_b14_pr3_r1; DeltaTime: 0.100",1724578.59
1128,2025-09-08 13:11:30.981,TravelML,TravelML_r1_pr4_pr3,STARTED,"Normal execution; DeltaTime: 0.100",1727383.09
1129,2025-09-08 13:11:30.983,TravelML,TravelML_r1_pr4_pr3,STARTED,"DeltaTime: 0.100",1727384.91
1130,2025-09-08 13:11:31.261,TravelML,TravelML_r1_pr4_pr3,COMPLETED,"Effects applied successfully",1727662.51
1131,2025-09-08 13:11:33.454,NailingHL,NailingHL_b14_pr3_r1,STARTED,"High-level execution with subtree: FF_Default_DynamicFlow_NailingHL_b14_pr3_r1; DeltaTime: 0.100",1729855.98
1132,2025-09-08 13:11:33.514,NailingML,NailingML_b14_pr3_r1_ng1,STARTED,"Normal execution; DeltaTime: 0.100",1729915.36
1133,2025-09-08 13:11:33.514,NailingML,NailingML_b14_pr3_r1_ng1,STARTED,"DeltaTime: 0.100",1729915.85
1134,2025-09-08 13:11:33.609,NailingML,NailingML_b14_pr3_r1_ng1,COMPLETED,"Effects applied successfully",1730011.19
1135,2025-09-08 13:11:33.620,NailingHL,NailingHL_b14_pr3_r1,COMPLETED,"Subtree execution completed successfully",1730021.90
1136,2025-09-08 13:11:35.771,NailingHL,NailingHL_b13_pr3_r1,STARTED,"High-level execution with subtree: FF_Default_DynamicFlow_NailingHL_b13_pr3_r1; DeltaTime: 0.100",1732172.93
1137,2025-09-08 13:11:38.497,NailingHL,NailingHL_b13_pr3_r1,FAILED,"Subtree execution failed",1734898.60
1138,2025-09-08 13:11:39.964,GluingBeamHL,GluingBeamHL_b22_pr4_r1_m4_lay1,STARTED,"High-level execution with subtree: FF_Default_DynamicFlow_GluingBeamHL_b22_pr4_r1_m4_lay1; DeltaTime: 0.100",1736365.36
1139,2025-09-08 13:11:42.892,GluingBeamHL,GluingBeamHL_b22_pr4_r1_m4_lay1,FAILED,"Subtree execution failed",1739294.18
1140,2025-09-08 13:11:45.323,NailingHL,NailingHL_b2_pr1_r1,STARTED,"High-level execution with subtree: FF_Default_DynamicFlow_NailingHL_b2_pr1_r1; DeltaTime: 0.100",1741724.98
1141,2025-09-08 13:11:47.970,NailingHL,NailingHL_b2_pr1_r1,FAILED,"Subtree execution failed",1744372.10
1142,2025-09-08 13:11:49.894,NailingHL,NailingHL_b8_pr2_r1,STARTED,"High-level execution with subtree: FF_Default_DynamicFlow_NailingHL_b8_pr2_r1; DeltaTime: 0.100",1746295.33
1143,2025-09-08 13:11:52.690,NailingHL,NailingHL_b8_pr2_r1,FAILED,"Subtree execution failed",1749091.97
1144,2025-09-08 13:11:54.399,NailingHL,NailingHL_b13_pr3_r1,STARTED,"High-level execution with subtree: FF_Default_DynamicFlow_NailingHL_b13_pr3_r1; DeltaTime: 0.100",1750800.86
1145,2025-09-08 13:11:54.494,NailingML,NailingML_b13_pr3_r1_ng1,STARTED,"Normal execution; DeltaTime: 0.100",1750895.34
1146,2025-09-08 13:11:54.494,NailingML,NailingML_b13_pr3_r1_ng1,STARTED,"DeltaTime: 0.100",1750896.24
1147,2025-09-08 13:11:54.685,NailingML,NailingML_b13_pr3_r1_ng1,COMPLETED,"Effects applied successfully",1751087.17
1148,2025-09-08 13:11:54.714,NailingHL,NailingHL_b13_pr3_r1,COMPLETED,"Subtree execution completed successfully",1751115.68
1149,2025-09-08 13:11:56.524,NailingHL,NailingHL_b15_pr3_r1,STARTED,"High-level execution with subtree: FF_Default_DynamicFlow_NailingHL_b15_pr3_r1; DeltaTime: 0.100",1752926.20
1150,2025-09-08 13:11:59.125,NailingHL,NailingHL_b15_pr3_r1,FAILED,"Subtree execution failed",1755526.80
1151,2025-09-08 13:12:00.642,GluingBeamHL,GluingBeamHL_b22_pr4_r1_m4_lay1,STARTED,"High-level execution with subtree: FF_Default_DynamicFlow_GluingBeamHL_b22_pr4_r1_m4_lay1; DeltaTime: 0.100",1757044.02
1152,2025-09-08 13:12:03.506,GluingBeamHL,GluingBeamHL_b22_pr4_r1_m4_lay1,FAILED,"Subtree execution failed",1759907.92
1153,2025-09-08 13:12:05.514,NailingHL,NailingHL_b2_pr1_r1,STARTED,"High-level execution with subtree: FF_Default_DynamicFlow_NailingHL_b2_pr1_r1; DeltaTime: 0.100",1761915.69
1154,2025-09-08 13:12:08.523,NailingHL,NailingHL_b2_pr1_r1,FAILED,"Subtree execution failed",1764924.38
1155,2025-09-08 13:12:09.946,NailingHL,NailingHL_b8_pr2_r1,STARTED,"High-level execution with subtree: FF_Default_DynamicFlow_NailingHL_b8_pr2_r1; DeltaTime: 0.100",1766348.17
1156,2025-09-08 13:12:12.619,NailingHL,NailingHL_b8_pr2_r1,FAILED,"Subtree execution failed",1769020.62
1157,2025-09-08 13:12:14.729,NailingHL,NailingHL_b15_pr3_r1,STARTED,"High-level execution with subtree: FF_Default_DynamicFlow_NailingHL_b15_pr3_r1; DeltaTime: 0.100",1771130.71
1158,2025-09-08 13:12:14.799,NailingML,NailingML_b15_pr3_r1_ng1,STARTED,"Normal execution; DeltaTime: 0.100",1771200.60
1159,2025-09-08 13:12:14.802,NailingML,NailingML_b15_pr3_r1_ng1,STARTED,"DeltaTime: 0.100",1771203.79
1160,2025-09-08 13:12:14.932,NailingML,NailingML_b15_pr3_r1_ng1,COMPLETED,"Effects applied successfully",1771333.51
1161,2025-09-08 13:12:14.953,NailingHL,NailingHL_b15_pr3_r1,COMPLETED,"Subtree execution completed successfully",1771355.00
1162,2025-09-08 13:12:16.406,NailingHL,NailingHL_b17_pr3_r1,STARTED,"High-level execution with subtree: FF_Default_DynamicFlow_NailingHL_b17_pr3_r1; DeltaTime: 0.100",1772808.02
1163,2025-09-08 13:12:19.292,NailingHL,NailingHL_b17_pr3_r1,FAILED,"Subtree execution failed",1775693.64
1164,2025-09-08 13:12:20.641,GluingBeamHL,GluingBeamHL_b22_pr4_r1_m4_lay1,STARTED,"High-level execution with subtree: FF_Default_DynamicFlow_GluingBeamHL_b22_pr4_r1_m4_lay1; DeltaTime: 0.100",1777043.13
1165,2025-09-08 13:12:23.592,GluingBeamHL,GluingBeamHL_b22_pr4_r1_m4_lay1,FAILED,"Subtree execution failed",1779993.62
1166,2025-09-08 13:12:25.588,NailingHL,NailingHL_b2_pr1_r1,STARTED,"High-level execution with subtree: FF_Default_DynamicFlow_NailingHL_b2_pr1_r1; DeltaTime: 0.100",1781989.96
1167,2025-09-08 13:12:28.233,NailingHL,NailingHL_b2_pr1_r1,FAILED,"Subtree execution failed",1784634.27
1168,2025-09-08 13:12:29.790,NailingHL,NailingHL_b8_pr2_r1,STARTED,"High-level execution with subtree: FF_Default_DynamicFlow_NailingHL_b8_pr2_r1; DeltaTime: 0.100",1786192.23
1169,2025-09-08 13:12:32.738,NailingHL,NailingHL_b8_pr2_r1,FAILED,"Subtree execution failed",1789139.50
1170,2025-09-08 13:12:34.332,NailingHL,NailingHL_b17_pr3_r1,STARTED,"High-level execution with subtree: FF_Default_DynamicFlow_NailingHL_b17_pr3_r1; DeltaTime: 0.100",1790733.39
1171,2025-09-08 13:12:34.366,NailingML,NailingML_b17_pr3_r1_ng1,STARTED,"Normal execution; DeltaTime: 0.100",1790767.86
1172,2025-09-08 13:12:34.367,NailingML,NailingML_b17_pr3_r1_ng1,STARTED,"DeltaTime: 0.100",1790768.52
1173,2025-09-08 13:12:34.452,NailingML,NailingML_b17_pr3_r1_ng1,COMPLETED,"Effects applied successfully",1790853.92
1174,2025-09-08 13:12:34.462,NailingHL,NailingHL_b17_pr3_r1,COMPLETED,"Subtree execution completed successfully",1790863.38
1175,2025-09-08 13:12:35.501,NailingHL,NailingHL_b16_pr3_r1,STARTED,"High-level execution with subtree: FF_Default_DynamicFlow_NailingHL_b16_pr3_r1; DeltaTime: 0.100",1791902.52
1176,2025-09-08 13:12:38.669,NailingHL,NailingHL_b16_pr3_r1,FAILED,"Subtree execution failed",1795070.82
1177,2025-09-08 13:12:40.079,GluingBeamHL,GluingBeamHL_b22_pr4_r1_m4_lay1,STARTED,"High-level execution with subtree: FF_Default_DynamicFlow_GluingBeamHL_b22_pr4_r1_m4_lay1; DeltaTime: 0.100",1796480.87
1178,2025-09-08 13:12:43.379,GluingBeamHL,GluingBeamHL_b22_pr4_r1_m4_lay1,FAILED,"Subtree execution failed",1799780.96
1179,2025-09-08 13:12:45.790,NailingHL,NailingHL_b2_pr1_r1,STARTED,"High-level execution with subtree: FF_Default_DynamicFlow_NailingHL_b2_pr1_r1; DeltaTime: 0.100",1802191.41
1180,2025-09-08 13:12:48.385,NailingHL,NailingHL_b2_pr1_r1,FAILED,"Subtree execution failed",1804786.87
1181,2025-09-08 13:12:50.068,NailingHL,NailingHL_b8_pr2_r1,STARTED,"High-level execution with subtree: FF_Default_DynamicFlow_NailingHL_b8_pr2_r1; DeltaTime: 0.100",1806469.87
1182,2025-09-08 13:12:52.753,NailingHL,NailingHL_b8_pr2_r1,FAILED,"Subtree execution failed",1809155.01
1183,2025-09-08 13:12:54.663,NailingHL,NailingHL_b16_pr3_r1,STARTED,"High-level execution with subtree: FF_Default_DynamicFlow_NailingHL_b16_pr3_r1; DeltaTime: 0.100",1811064.31
1184,2025-09-08 13:12:54.703,NailingML,NailingML_b16_pr3_r1_ng1,STARTED,"Normal execution; DeltaTime: 0.100",1811105.06
1185,2025-09-08 13:12:54.704,NailingML,NailingML_b16_pr3_r1_ng1,STARTED,"DeltaTime: 0.100",1811105.73
1186,2025-09-08 13:12:54.786,NailingML,NailingML_b16_pr3_r1_ng1,COMPLETED,"Effects applied successfully",1811187.88
1187,2025-09-08 13:12:54.799,NailingHL,NailingHL_b16_pr3_r1,COMPLETED,"Subtree execution completed successfully",1811200.96
1188,2025-09-08 13:12:56.723,NailingHL,NailingHL_b18_pr3_r1,STARTED,"High-level execution with subtree: FF_Default_DynamicFlow_NailingHL_b18_pr3_r1; DeltaTime: 0.100",1813124.93
1189,2025-09-08 13:12:59.596,NailingHL,NailingHL_b18_pr3_r1,FAILED,"Subtree execution failed",1815997.46
1190,2025-09-08 13:13:01.600,GluingBeamHL,GluingBeamHL_b22_pr4_r1_m4_lay1,STARTED,"High-level execution with subtree: FF_Default_DynamicFlow_GluingBeamHL_b22_pr4_r1_m4_lay1; DeltaTime: 0.100",1818002.08
1191,2025-09-08 13:13:05.089,GluingBeamHL,GluingBeamHL_b22_pr4_r1_m4_lay1,FAILED,"Subtree execution failed",1821490.90
1192,2025-09-08 13:13:07.848,NailingHL,NailingHL_b2_pr1_r1,STARTED,"High-level execution with subtree: FF_Default_DynamicFlow_NailingHL_b2_pr1_r1; DeltaTime: 0.100",1824250.10
1193,2025-09-08 13:13:10.617,NailingHL,NailingHL_b2_pr1_r1,FAILED,"Subtree execution failed",1827018.96
1194,2025-09-08 13:13:11.388,NailingHL,NailingHL_b8_pr2_r1,STARTED,"High-level execution with subtree: FF_Default_DynamicFlow_NailingHL_b8_pr2_r1; DeltaTime: 0.100",1827789.37
1195,2025-09-08 13:13:14.368,NailingHL,NailingHL_b8_pr2_r1,FAILED,"Subtree execution failed",1830769.46
1196,2025-09-08 13:13:16.154,NailingHL,NailingHL_b18_pr3_r1,STARTED,"High-level execution with subtree: FF_Default_DynamicFlow_NailingHL_b18_pr3_r1; DeltaTime: 0.100",1832555.53
1197,2025-09-08 13:13:16.192,NailingML,NailingML_b18_pr3_r1_ng1,STARTED,"Normal execution; DeltaTime: 0.100",1832593.28
1198,2025-09-08 13:13:16.192,NailingML,NailingML_b18_pr3_r1_ng1,STARTED,"DeltaTime: 0.100",1832594.06
1199,2025-09-08 13:13:16.296,NailingML,NailingML_b18_pr3_r1_ng1,COMPLETED,"Effects applied successfully",1832697.42
1200,2025-09-08 13:13:16.304,NailingHL,NailingHL_b18_pr3_r1,COMPLETED,"Subtree execution completed successfully",1832705.84
1201,2025-09-08 13:13:17.938,GluingBeamHL,GluingBeamHL_b16_pr3_r1_m3_lay1,STARTED,"High-level execution with subtree: FF_Default_DynamicFlow_GluingBeamHL_b16_pr3_r1_m3_lay1; DeltaTime: 0.100",1834339.82
1202,2025-09-08 13:13:21.191,GluingBeamHL,GluingBeamHL_b16_pr3_r1_m3_lay1,FAILED,"Subtree execution failed",1837592.43
1203,2025-09-08 13:13:22.733,GluingBeamHL,GluingBeamHL_b22_pr4_r1_m4_lay1,STARTED,"High-level execution with subtree: FF_Default_DynamicFlow_GluingBeamHL_b22_pr4_r1_m4_lay1; DeltaTime: 0.100",1839135.11
1204,2025-09-08 13:13:25.821,GluingBeamHL,GluingBeamHL_b22_pr4_r1_m4_lay1,FAILED,"Subtree execution failed",1842222.98
1205,2025-09-08 13:13:27.798,NailingHL,NailingHL_b2_pr1_r1,STARTED,"High-level execution with subtree: FF_Default_DynamicFlow_NailingHL_b2_pr1_r1; DeltaTime: 0.100",1844199.37
1206,2025-09-08 13:13:30.522,NailingHL,NailingHL_b2_pr1_r1,FAILED,"Subtree execution failed",1846923.66
1207,2025-09-08 13:13:31.785,NailingHL,NailingHL_b8_pr2_r1,STARTED,"High-level execution with subtree: FF_Default_DynamicFlow_NailingHL_b8_pr2_r1; DeltaTime: 0.100",1848187.15
1208,2025-09-08 13:13:34.782,TravelML,TravelML_r1_pr3_pr2,STARTED,"Normal execution; DeltaTime: 0.100",1851183.55
1209,2025-09-08 13:13:34.787,TravelML,TravelML_r1_pr3_pr2,STARTED,"DeltaTime: 0.100",1851188.71
1210,2025-09-08 13:13:35.018,TravelML,TravelML_r1_pr3_pr2,COMPLETED,"Effects applied successfully",1851419.32
1211,2025-09-08 13:13:37.381,NailingHL,NailingHL_b8_pr2_r1,STARTED,"High-level execution with subtree: FF_Default_DynamicFlow_NailingHL_b8_pr2_r1; DeltaTime: 0.100",1853782.91
1212,2025-09-08 13:13:37.438,NailingML,NailingML_b8_pr2_r1_ng1,STARTED,"Normal execution; DeltaTime: 0.100",1853840.08
1213,2025-09-08 13:13:37.439,NailingML,NailingML_b8_pr2_r1_ng1,STARTED,"DeltaTime: 0.100",1853840.69
1214,2025-09-08 13:13:37.545,NailingML,NailingML_b8_pr2_r1_ng1,COMPLETED,"Effects applied successfully",1853946.63
1215,2025-09-08 13:13:37.556,NailingHL,NailingHL_b8_pr2_r1,COMPLETED,"Subtree execution completed successfully",1853957.71
1216,2025-09-08 13:13:39.018,NailingHL,NailingHL_b7_pr2_r1,STARTED,"High-level execution with subtree: FF_Default_DynamicFlow_NailingHL_b7_pr2_r1; DeltaTime: 0.100",1855419.34
1217,2025-09-08 13:13:41.600,NailingHL,NailingHL_b7_pr2_r1,FAILED,"Subtree execution failed",1858001.99
1218,2025-09-08 13:13:42.696,GluingBeamHL,GluingBeamHL_b16_pr3_r1_m3_lay1,STARTED,"High-level execution with subtree: FF_Default_DynamicFlow_GluingBeamHL_b16_pr3_r1_m3_lay1; DeltaTime: 0.100",1859097.85
1219,2025-09-08 13:13:45.803,GluingBeamHL,GluingBeamHL_b16_pr3_r1_m3_lay1,FAILED,"Subtree execution failed",1862204.49
1220,2025-09-08 13:13:46.889,GluingBeamHL,GluingBeamHL_b22_pr4_r1_m4_lay1,STARTED,"High-level execution with subtree: FF_Default_DynamicFlow_GluingBeamHL_b22_pr4_r1_m4_lay1; DeltaTime: 0.100",1863290.80
1221,2025-09-08 13:13:50.958,GluingBeamHL,GluingBeamHL_b22_pr4_r1_m4_lay1,FAILED,"Subtree execution failed",1867359.86
1222,2025-09-08 13:13:53.853,NailingHL,NailingHL_b2_pr1_r1,STARTED,"High-level execution with subtree: FF_Default_DynamicFlow_NailingHL_b2_pr1_r1; DeltaTime: 0.100",1870254.40
1223,2025-09-08 13:13:56.556,NailingHL,NailingHL_b2_pr1_r1,FAILED,"Subtree execution failed",1872957.31
1224,2025-09-08 13:13:58.225,NailingHL,NailingHL_b7_pr2_r1,STARTED,"High-level execution with subtree: FF_Default_DynamicFlow_NailingHL_b7_pr2_r1; DeltaTime: 0.100",1874626.64
1225,2025-09-08 13:13:58.295,NailingML,NailingML_b7_pr2_r1_ng1,STARTED,"Normal execution; DeltaTime: 0.100",1874697.05
1226,2025-09-08 13:13:58.296,NailingML,NailingML_b7_pr2_r1_ng1,STARTED,"DeltaTime: 0.100",1874697.67
1227,2025-09-08 13:13:58.461,NailingML,NailingML_b7_pr2_r1_ng1,COMPLETED,"Effects applied successfully",1874863.14
1228,2025-09-08 13:13:58.471,NailingHL,NailingHL_b7_pr2_r1,COMPLETED,"Subtree execution completed successfully",1874873.18
1229,2025-09-08 13:13:59.782,NailingHL,NailingHL_b9_pr2_r1,STARTED,"High-level execution with subtree: FF_Default_DynamicFlow_NailingHL_b9_pr2_r1; DeltaTime: 0.100",1876183.40
1230,2025-09-08 13:14:02.479,NailingHL,NailingHL_b9_pr2_r1,FAILED,"Subtree execution failed",1878881.04
1231,2025-09-08 13:14:04.103,GluingBeamHL,GluingBeamHL_b16_pr3_r1_m3_lay1,STARTED,"High-level execution with subtree: FF_Default_DynamicFlow_GluingBeamHL_b16_pr3_r1_m3_lay1; DeltaTime: 0.100",1880505.03
1232,2025-09-08 13:14:07.447,GluingBeamHL,GluingBeamHL_b16_pr3_r1_m3_lay1,FAILED,"Subtree execution failed",1883848.43
1233,2025-09-08 13:14:08.631,GluingBeamHL,GluingBeamHL_b22_pr4_r1_m4_lay1,STARTED,"High-level execution with subtree: FF_Default_DynamicFlow_GluingBeamHL_b22_pr4_r1_m4_lay1; DeltaTime: 0.100",1885032.28
1234,2025-09-08 13:14:11.515,GluingBeamHL,GluingBeamHL_b22_pr4_r1_m4_lay1,FAILED,"Subtree execution failed",1887916.85
1235,2025-09-08 13:14:12.766,NailingHL,NailingHL_b2_pr1_r1,STARTED,"High-level execution with subtree: FF_Default_DynamicFlow_NailingHL_b2_pr1_r1; DeltaTime: 0.100",1889167.76
1236,2025-09-08 13:14:15.531,NailingHL,NailingHL_b2_pr1_r1,FAILED,"Subtree execution failed",1891932.70
1237,2025-09-08 13:14:17.693,NailingHL,NailingHL_b9_pr2_r1,STARTED,"High-level execution with subtree: FF_Default_DynamicFlow_NailingHL_b9_pr2_r1; DeltaTime: 0.100",1894095.01
1238,2025-09-08 13:14:17.747,NailingML,NailingML_b9_pr2_r1_ng1,STARTED,"Normal execution; DeltaTime: 0.100",1894148.47
1239,2025-09-08 13:14:17.747,NailingML,NailingML_b9_pr2_r1_ng1,STARTED,"DeltaTime: 0.100",1894149.10
1240,2025-09-08 13:14:17.867,NailingML,NailingML_b9_pr2_r1_ng1,COMPLETED,"Effects applied successfully",1894268.28
1241,2025-09-08 13:14:17.882,NailingHL,NailingHL_b9_pr2_r1,COMPLETED,"Subtree execution completed successfully",1894283.61
1242,2025-09-08 13:14:19.785,NailingHL,NailingHL_b11_pr2_r1,STARTED,"High-level execution with subtree: FF_Default_DynamicFlow_NailingHL_b11_pr2_r1; DeltaTime: 0.100",1896186.79
1243,2025-09-08 13:14:22.584,NailingHL,NailingHL_b11_pr2_r1,FAILED,"Subtree execution failed",1898985.80
1244,2025-09-08 13:14:24.048,GluingBeamHL,GluingBeamHL_b16_pr3_r1_m3_lay1,STARTED,"High-level execution with subtree: FF_Default_DynamicFlow_GluingBeamHL_b16_pr3_r1_m3_lay1; DeltaTime: 0.100",1900449.43
1245,2025-09-08 13:14:26.993,GluingBeamHL,GluingBeamHL_b16_pr3_r1_m3_lay1,FAILED,"Subtree execution failed",1903395.09
1246,2025-09-08 13:14:28.523,GluingBeamHL,GluingBeamHL_b22_pr4_r1_m4_lay1,STARTED,"High-level execution with subtree: FF_Default_DynamicFlow_GluingBeamHL_b22_pr4_r1_m4_lay1; DeltaTime: 0.100",1904924.32
1247,2025-09-08 13:14:32.107,GluingBeamHL,GluingBeamHL_b22_pr4_r1_m4_lay1,FAILED,"Subtree execution failed",1908508.98
1248,2025-09-08 13:14:35.044,NailingHL,NailingHL_b2_pr1_r1,STARTED,"High-level execution with subtree: FF_Default_DynamicFlow_NailingHL_b2_pr1_r1; DeltaTime: 0.100",1911445.32
1249,2025-09-08 13:14:37.851,NailingHL,NailingHL_b2_pr1_r1,FAILED,"Subtree execution failed",1914252.71
1250,2025-09-08 13:14:40.268,NailingHL,NailingHL_b11_pr2_r1,STARTED,"High-level execution with subtree: FF_Default_DynamicFlow_NailingHL_b11_pr2_r1; DeltaTime: 0.100",1916670.22
1251,2025-09-08 13:14:40.311,NailingML,NailingML_b11_pr2_r1_ng1,STARTED,"Normal execution; DeltaTime: 0.100",1916712.49
1252,2025-09-08 13:14:40.312,NailingML,NailingML_b11_pr2_r1_ng1,STARTED,"DeltaTime: 0.100",1916713.34
1253,2025-09-08 13:14:40.467,NailingML,NailingML_b11_pr2_r1_ng1,COMPLETED,"Effects applied successfully",1916868.92
1254,2025-09-08 13:14:40.491,NailingHL,NailingHL_b11_pr2_r1,COMPLETED,"Subtree execution completed successfully",1916893.16
1255,2025-09-08 13:14:42.431,NailingHL,NailingHL_b10_pr2_r1,STARTED,"High-level execution with subtree: FF_Default_DynamicFlow_NailingHL_b10_pr2_r1; DeltaTime: 0.100",1918832.97
1256,2025-09-08 13:14:45.340,NailingHL,NailingHL_b10_pr2_r1,FAILED,"Subtree execution failed",1921741.29
1257,2025-09-08 13:14:47.049,GluingBeamHL,GluingBeamHL_b16_pr3_r1_m3_lay1,STARTED,"High-level execution with subtree: FF_Default_DynamicFlow_GluingBeamHL_b16_pr3_r1_m3_lay1; DeltaTime: 0.100",1923450.80
1258,2025-09-08 13:14:50.212,GluingBeamHL,GluingBeamHL_b16_pr3_r1_m3_lay1,FAILED,"Subtree execution failed",1926613.36
1259,2025-09-08 13:14:51.546,GluingBeamHL,GluingBeamHL_b22_pr4_r1_m4_lay1,STARTED,"High-level execution with subtree: FF_Default_DynamicFlow_GluingBeamHL_b22_pr4_r1_m4_lay1; DeltaTime: 0.100",1927947.79
1260,2025-09-08 13:14:55.070,GluingBeamHL,GluingBeamHL_b22_pr4_r1_m4_lay1,FAILED,"Subtree execution failed",1931471.71
1261,2025-09-08 13:14:57.355,NailingHL,NailingHL_b2_pr1_r1,STARTED,"High-level execution with subtree: FF_Default_DynamicFlow_NailingHL_b2_pr1_r1; DeltaTime: 0.100",1933756.49
1262,2025-09-08 13:15:00.085,NailingHL,NailingHL_b2_pr1_r1,FAILED,"Subtree execution failed",1936487.02
1263,2025-09-08 13:15:03.055,NailingHL,NailingHL_b10_pr2_r1,STARTED,"High-level execution with subtree: FF_Default_DynamicFlow_NailingHL_b10_pr2_r1; DeltaTime: 0.100",1939456.96
1264,2025-09-08 13:15:03.107,NailingML,NailingML_b10_pr2_r1_ng1,STARTED,"Normal execution; DeltaTime: 0.100",1939508.89
1265,2025-09-08 13:15:03.108,NailingML,NailingML_b10_pr2_r1_ng1,STARTED,"DeltaTime: 0.100",1939509.44
1266,2025-09-08 13:15:03.183,NailingML,NailingML_b10_pr2_r1_ng1,COMPLETED,"Effects applied successfully",1939585.20
1267,2025-09-08 13:15:03.192,NailingHL,NailingHL_b10_pr2_r1,COMPLETED,"Subtree execution completed successfully",1939594.01
1268,2025-09-08 13:15:04.676,NailingHL,NailingHL_b12_pr2_r1,STARTED,"High-level execution with subtree: FF_Default_DynamicFlow_NailingHL_b12_pr2_r1; DeltaTime: 0.100",1941077.48
1269,2025-09-08 13:15:07.321,NailingHL,NailingHL_b12_pr2_r1,FAILED,"Subtree execution failed",1943722.90
1270,2025-09-08 13:15:08.833,GluingBeamHL,GluingBeamHL_b16_pr3_r1_m3_lay1,STARTED,"High-level execution with subtree: FF_Default_DynamicFlow_GluingBeamHL_b16_pr3_r1_m3_lay1; DeltaTime: 0.100",1945235.27
1271,2025-09-08 13:15:11.963,GluingBeamHL,GluingBeamHL_b16_pr3_r1_m3_lay1,FAILED,"Subtree execution failed",1948364.48
1272,2025-09-08 13:15:13.119,GluingBeamHL,GluingBeamHL_b22_pr4_r1_m4_lay1,STARTED,"High-level execution with subtree: FF_Default_DynamicFlow_GluingBeamHL_b22_pr4_r1_m4_lay1; DeltaTime: 0.100",1949520.84
1273,2025-09-08 13:15:16.467,GluingBeamHL,GluingBeamHL_b22_pr4_r1_m4_lay1,FAILED,"Subtree execution failed",1952868.71
1274,2025-09-08 13:15:18.544,NailingHL,NailingHL_b2_pr1_r1,STARTED,"High-level execution with subtree: FF_Default_DynamicFlow_NailingHL_b2_pr1_r1; DeltaTime: 0.100",1954945.76
1275,2025-09-08 13:15:21.460,NailingHL,NailingHL_b2_pr1_r1,FAILED,"Subtree execution failed",1957861.33
1276,2025-09-08 13:15:23.951,NailingHL,NailingHL_b12_pr2_r1,STARTED,"High-level execution with subtree: FF_Default_DynamicFlow_NailingHL_b12_pr2_r1; DeltaTime: 0.100",1960353.16
1277,2025-09-08 13:15:24.002,NailingML,NailingML_b12_pr2_r1_ng1,STARTED,"Normal execution; DeltaTime: 0.100",1960404.25
1278,2025-09-08 13:15:24.003,NailingML,NailingML_b12_pr2_r1_ng1,STARTED,"DeltaTime: 0.100",1960404.88
1279,2025-09-08 13:15:24.157,NailingML,NailingML_b12_pr2_r1_ng1,COMPLETED,"Effects applied successfully",1960558.75
1280,2025-09-08 13:15:24.172,NailingHL,NailingHL_b12_pr2_r1,COMPLETED,"Subtree execution completed successfully",1960573.34
1281,2025-09-08 13:15:25.945,GluingBeamHL,GluingBeamHL_b10_pr2_r1_m2_lay1,STARTED,"High-level execution with subtree: FF_Default_DynamicFlow_GluingBeamHL_b10_pr2_r1_m2_lay1; DeltaTime: 0.100",1962347.17
1282,2025-09-08 13:15:29.121,GluingBeamHL,GluingBeamHL_b10_pr2_r1_m2_lay1,FAILED,"Subtree execution failed",1965523.14
1283,2025-09-08 13:15:30.420,GluingBeamHL,GluingBeamHL_b16_pr3_r1_m3_lay1,STARTED,"High-level execution with subtree: FF_Default_DynamicFlow_GluingBeamHL_b16_pr3_r1_m3_lay1; DeltaTime: 0.100",1966821.35
1284,2025-09-08 13:15:33.635,GluingBeamHL,GluingBeamHL_b16_pr3_r1_m3_lay1,FAILED,"Subtree execution failed",1970037.09
1285,2025-09-08 13:15:34.828,GluingBeamHL,GluingBeamHL_b22_pr4_r1_m4_lay1,STARTED,"High-level execution with subtree: FF_Default_DynamicFlow_GluingBeamHL_b22_pr4_r1_m4_lay1; DeltaTime: 0.100",1971230.26
1286,2025-09-08 13:15:38.001,GluingBeamHL,GluingBeamHL_b22_pr4_r1_m4_lay1,FAILED,"Subtree execution failed",1974402.41
1287,2025-09-08 13:15:41.117,NailingHL,NailingHL_b2_pr1_r1,STARTED,"High-level execution with subtree: FF_Default_DynamicFlow_NailingHL_b2_pr1_r1; DeltaTime: 0.100",1977518.51
1288,2025-09-08 13:15:43.900,TravelML,TravelML_r1_pr2_pr1,STARTED,"Normal execution; DeltaTime: 0.100",1980302.19
1289,2025-09-08 13:15:43.901,TravelML,TravelML_r1_pr2_pr1,STARTED,"DeltaTime: 0.100",1980303.18
1290,2025-09-08 13:15:44.072,TravelML,TravelML_r1_pr2_pr1,COMPLETED,"Effects applied successfully",1980473.99
1291,2025-09-08 13:15:46.043,NailingHL,NailingHL_b2_pr1_r1,STARTED,"High-level execution with subtree: FF_Default_DynamicFlow_NailingHL_b2_pr1_r1; DeltaTime: 0.100",1982444.91
1292,2025-09-08 13:15:46.113,NailingML,NailingML_b2_pr1_r1_ng1,STARTED,"Normal execution; DeltaTime: 0.100",1982514.53
1293,2025-09-08 13:15:46.113,NailingML,NailingML_b2_pr1_r1_ng1,STARTED,"DeltaTime: 0.100",1982515.01
1294,2025-09-08 13:15:46.278,NailingML,NailingML_b2_pr1_r1_ng1,COMPLETED,"Effects applied successfully",1982679.43
1295,2025-09-08 13:15:46.299,NailingHL,NailingHL_b2_pr1_r1,COMPLETED,"Subtree execution completed successfully",1982701.19
1296,2025-09-08 13:15:48.537,NailingHL,NailingHL_b1_pr1_r1,STARTED,"High-level execution with subtree: FF_Default_DynamicFlow_NailingHL_b1_pr1_r1; DeltaTime: 0.100",1984938.96
1297,2025-09-08 13:15:51.163,NailingHL,NailingHL_b1_pr1_r1,FAILED,"Subtree execution failed",1987565.15
1298,2025-09-08 13:15:52.820,GluingBeamHL,GluingBeamHL_b10_pr2_r1_m2_lay1,STARTED,"High-level execution with subtree: FF_Default_DynamicFlow_GluingBeamHL_b10_pr2_r1_m2_lay1; DeltaTime: 0.100",1989221.41
1299,2025-09-08 13:15:55.702,GluingBeamHL,GluingBeamHL_b10_pr2_r1_m2_lay1,FAILED,"Subtree execution failed",1992103.48
1300,2025-09-08 13:15:57.656,GluingBeamHL,GluingBeamHL_b16_pr3_r1_m3_lay1,STARTED,"High-level execution with subtree: FF_Default_DynamicFlow_GluingBeamHL_b16_pr3_r1_m3_lay1; DeltaTime: 0.100",1994057.29
1301,2025-09-08 13:16:01.124,GluingBeamHL,GluingBeamHL_b16_pr3_r1_m3_lay1,FAILED,"Subtree execution failed",1997525.90
1302,2025-09-08 13:16:03.599,GluingBeamHL,GluingBeamHL_b22_pr4_r1_m4_lay1,STARTED,"High-level execution with subtree: FF_Default_DynamicFlow_GluingBeamHL_b22_pr4_r1_m4_lay1; DeltaTime: 0.100",2000000.58
1303,2025-09-08 13:16:07.016,GluingBeamHL,GluingBeamHL_b22_pr4_r1_m4_lay1,FAILED,"Subtree execution failed",2003417.34
1304,2025-09-08 13:16:11.077,NailingHL,NailingHL_b1_pr1_r1,STARTED,"High-level execution with subtree: FF_Default_DynamicFlow_NailingHL_b1_pr1_r1; DeltaTime: 0.100",2007478.73
1305,2025-09-08 13:16:11.120,NailingML,NailingML_b1_pr1_r1_ng1,STARTED,"Normal execution; DeltaTime: 0.100",2007521.64
1306,2025-09-08 13:16:11.120,NailingML,NailingML_b1_pr1_r1_ng1,STARTED,"DeltaTime: 0.100",2007522.12
1307,2025-09-08 13:16:11.316,NailingML,NailingML_b1_pr1_r1_ng1,COMPLETED,"Effects applied successfully",2007717.73
1308,2025-09-08 13:16:11.336,NailingHL,NailingHL_b1_pr1_r1,COMPLETED,"Subtree execution completed successfully",2007737.55
1309,2025-09-08 13:16:13.325,NailingHL,NailingHL_b3_pr1_r1,STARTED,"High-level execution with subtree: FF_Default_DynamicFlow_NailingHL_b3_pr1_r1; DeltaTime: 0.100",2009727.25
1310,2025-09-08 13:16:16.143,NailingHL,NailingHL_b3_pr1_r1,FAILED,"Subtree execution failed",2012545.24
1311,2025-09-08 13:16:18.048,GluingBeamHL,GluingBeamHL_b10_pr2_r1_m2_lay1,STARTED,"High-level execution with subtree: FF_Default_DynamicFlow_GluingBeamHL_b10_pr2_r1_m2_lay1; DeltaTime: 0.100",2014449.64
1312,2025-09-08 13:16:23.187,GluingBeamHL,GluingBeamHL_b10_pr2_r1_m2_lay1,FAILED,"Subtree execution failed",2019588.85
1313,2025-09-08 13:16:25.339,GluingBeamHL,GluingBeamHL_b16_pr3_r1_m3_lay1,STARTED,"High-level execution with subtree: FF_Default_DynamicFlow_GluingBeamHL_b16_pr3_r1_m3_lay1; DeltaTime: 0.100",2021740.43
1314,2025-09-08 13:16:28.439,GluingBeamHL,GluingBeamHL_b16_pr3_r1_m3_lay1,FAILED,"Subtree execution failed",2024840.85
1315,2025-09-08 13:16:30.687,GluingBeamHL,GluingBeamHL_b22_pr4_r1_m4_lay1,STARTED,"High-level execution with subtree: FF_Default_DynamicFlow_GluingBeamHL_b22_pr4_r1_m4_lay1; DeltaTime: 0.100",2027088.40
1316,2025-09-08 13:16:33.797,GluingBeamHL,GluingBeamHL_b22_pr4_r1_m4_lay1,FAILED,"Subtree execution failed",2030199.21
1317,2025-09-08 13:16:37.882,NailingHL,NailingHL_b3_pr1_r1,STARTED,"High-level execution with subtree: FF_Default_DynamicFlow_NailingHL_b3_pr1_r1; DeltaTime: 0.100",2034283.90
1318,2025-09-08 13:16:37.976,NailingML,NailingML_b3_pr1_r1_ng1,STARTED,"Normal execution; DeltaTime: 0.100",2034377.44
1319,2025-09-08 13:16:37.976,NailingML,NailingML_b3_pr1_r1_ng1,STARTED,"DeltaTime: 0.100",2034378.21
1320,2025-09-08 13:16:38.171,NailingML,NailingML_b3_pr1_r1_ng1,COMPLETED,"Effects applied successfully",2034572.98
1321,2025-09-08 13:16:38.182,NailingHL,NailingHL_b3_pr1_r1,COMPLETED,"Subtree execution completed successfully",2034583.56
1322,2025-09-08 13:16:39.999,NailingHL,NailingHL_b5_pr1_r1,STARTED,"High-level execution with subtree: FF_Default_DynamicFlow_NailingHL_b5_pr1_r1; DeltaTime: 0.100",2036400.69
1323,2025-09-08 13:16:42.784,NailingHL,NailingHL_b5_pr1_r1,FAILED,"Subtree execution failed",2039185.67
1324,2025-09-08 13:16:44.553,GluingBeamHL,GluingBeamHL_b10_pr2_r1_m2_lay1,STARTED,"High-level execution with subtree: FF_Default_DynamicFlow_GluingBeamHL_b10_pr2_r1_m2_lay1; DeltaTime: 0.100",2040954.58
1325,2025-09-08 13:16:47.559,GluingBeamHL,GluingBeamHL_b10_pr2_r1_m2_lay1,FAILED,"Subtree execution failed",2043960.78
1326,2025-09-08 13:16:49.904,GluingBeamHL,GluingBeamHL_b16_pr3_r1_m3_lay1,STARTED,"High-level execution with subtree: FF_Default_DynamicFlow_GluingBeamHL_b16_pr3_r1_m3_lay1; DeltaTime: 0.100",2046306.21
1327,2025-09-08 13:16:53.070,GluingBeamHL,GluingBeamHL_b16_pr3_r1_m3_lay1,FAILED,"Subtree execution failed",2049471.43
1328,2025-09-08 13:16:55.569,GluingBeamHL,GluingBeamHL_b22_pr4_r1_m4_lay1,STARTED,"High-level execution with subtree: FF_Default_DynamicFlow_GluingBeamHL_b22_pr4_r1_m4_lay1; DeltaTime: 0.100",2051970.53
1329,2025-09-08 13:16:58.880,GluingBeamHL,GluingBeamHL_b22_pr4_r1_m4_lay1,FAILED,"Subtree execution failed",2055281.64
1330,2025-09-08 13:17:02.332,NailingHL,NailingHL_b5_pr1_r1,STARTED,"High-level execution with subtree: FF_Default_DynamicFlow_NailingHL_b5_pr1_r1; DeltaTime: 0.100",2058733.65
1331,2025-09-08 13:17:02.379,NailingML,NailingML_b5_pr1_r1_ng1,STARTED,"Normal execution; DeltaTime: 0.100",2058780.33
1332,2025-09-08 13:17:02.380,NailingML,NailingML_b5_pr1_r1_ng1,STARTED,"DeltaTime: 0.100",2058781.31
1333,2025-09-08 13:17:02.476,NailingML,NailingML_b5_pr1_r1_ng1,COMPLETED,"Effects applied successfully",2058877.95
1334,2025-09-08 13:17:02.485,NailingHL,NailingHL_b5_pr1_r1,COMPLETED,"Subtree execution completed successfully",2058887.13
1335,2025-09-08 13:17:04.143,NailingHL,NailingHL_b4_pr1_r1,STARTED,"High-level execution with subtree: FF_Default_DynamicFlow_NailingHL_b4_pr1_r1; DeltaTime: 0.100",2060544.92
1336,2025-09-08 13:17:06.793,NailingHL,NailingHL_b4_pr1_r1,FAILED,"Subtree execution failed",2063194.88
1337,2025-09-08 13:17:08.922,GluingBeamHL,GluingBeamHL_b10_pr2_r1_m2_lay1,STARTED,"High-level execution with subtree: FF_Default_DynamicFlow_GluingBeamHL_b10_pr2_r1_m2_lay1; DeltaTime: 0.100",2065323.80
1338,2025-09-08 13:17:11.783,GluingBeamHL,GluingBeamHL_b10_pr2_r1_m2_lay1,FAILED,"Subtree execution failed",2068184.64
1339,2025-09-08 13:17:13.838,GluingBeamHL,GluingBeamHL_b16_pr3_r1_m3_lay1,STARTED,"High-level execution with subtree: FF_Default_DynamicFlow_GluingBeamHL_b16_pr3_r1_m3_lay1; DeltaTime: 0.100",2070239.59
1340,2025-09-08 13:17:16.953,GluingBeamHL,GluingBeamHL_b16_pr3_r1_m3_lay1,FAILED,"Subtree execution failed",2073354.47
1341,2025-09-08 13:17:19.216,GluingBeamHL,GluingBeamHL_b22_pr4_r1_m4_lay1,STARTED,"High-level execution with subtree: FF_Default_DynamicFlow_GluingBeamHL_b22_pr4_r1_m4_lay1; DeltaTime: 0.100",2075618.04
1342,2025-09-08 13:17:22.507,GluingBeamHL,GluingBeamHL_b22_pr4_r1_m4_lay1,FAILED,"Subtree execution failed",2078908.98
1343,2025-09-08 13:17:26.750,NailingHL,NailingHL_b4_pr1_r1,STARTED,"High-level execution with subtree: FF_Default_DynamicFlow_NailingHL_b4_pr1_r1; DeltaTime: 0.100",2083151.69
1344,2025-09-08 13:17:26.788,NailingML,NailingML_b4_pr1_r1_ng1,STARTED,"Normal execution; DeltaTime: 0.100",2083189.84
1345,2025-09-08 13:17:26.789,NailingML,NailingML_b4_pr1_r1_ng1,STARTED,"DeltaTime: 0.100",2083190.34
1346,2025-09-08 13:17:26.879,NailingML,NailingML_b4_pr1_r1_ng1,COMPLETED,"Effects applied successfully",2083281.21
1347,2025-09-08 13:17:26.887,NailingHL,NailingHL_b4_pr1_r1,COMPLETED,"Subtree execution completed successfully",2083288.76
1348,2025-09-08 13:17:28.939,NailingHL,NailingHL_b6_pr1_r1,STARTED,"High-level execution with subtree: FF_Default_DynamicFlow_NailingHL_b6_pr1_r1; DeltaTime: 0.100",2085341.18
1349,2025-09-08 13:17:31.557,NailingHL,NailingHL_b6_pr1_r1,FAILED,"Subtree execution failed",2087958.56
1350,2025-09-08 13:17:33.856,GluingBeamHL,GluingBeamHL_b10_pr2_r1_m2_lay1,STARTED,"High-level execution with subtree: FF_Default_DynamicFlow_GluingBeamHL_b10_pr2_r1_m2_lay1; DeltaTime: 0.100",2090258.01
1351,2025-09-08 13:17:36.889,GluingBeamHL,GluingBeamHL_b10_pr2_r1_m2_lay1,FAILED,"Subtree execution failed",2093290.70
1352,2025-09-08 13:17:38.877,GluingBeamHL,GluingBeamHL_b16_pr3_r1_m3_lay1,STARTED,"High-level execution with subtree: FF_Default_DynamicFlow_GluingBeamHL_b16_pr3_r1_m3_lay1; DeltaTime: 0.100",2095278.95
1353,2025-09-08 13:17:41.939,GluingBeamHL,GluingBeamHL_b16_pr3_r1_m3_lay1,FAILED,"Subtree execution failed",2098340.57
1354,2025-09-08 13:17:44.577,GluingBeamHL,GluingBeamHL_b22_pr4_r1_m4_lay1,STARTED,"High-level execution with subtree: FF_Default_DynamicFlow_GluingBeamHL_b22_pr4_r1_m4_lay1; DeltaTime: 0.100",2100978.58
1355,2025-09-08 13:17:47.900,GluingBeamHL,GluingBeamHL_b22_pr4_r1_m4_lay1,FAILED,"Subtree execution failed",2104302.13
1356,2025-09-08 13:17:52.167,NailingHL,NailingHL_b6_pr1_r1,STARTED,"High-level execution with subtree: FF_Default_DynamicFlow_NailingHL_b6_pr1_r1; DeltaTime: 0.100",2108569.03
1357,2025-09-08 13:17:52.209,NailingML,NailingML_b6_pr1_r1_ng1,STARTED,"Normal execution; DeltaTime: 0.100",2108610.35
1358,2025-09-08 13:17:52.209,NailingML,NailingML_b6_pr1_r1_ng1,STARTED,"DeltaTime: 0.100",2108611.06
1359,2025-09-08 13:17:52.301,NailingML,NailingML_b6_pr1_r1_ng1,COMPLETED,"Effects applied successfully",2108703.11
1360,2025-09-08 13:17:52.310,NailingHL,NailingHL_b6_pr1_r1,COMPLETED,"Subtree execution completed successfully",2108712.04
1361,2025-09-08 13:17:53.905,GluingBeamHL,GluingBeamHL_b4_pr1_r1_m1_lay1,STARTED,"High-level execution with subtree: FF_Default_DynamicFlow_GluingBeamHL_b4_pr1_r1_m1_lay1; DeltaTime: 0.100",2110307.18
1362,2025-09-08 13:17:57.140,GluingBeamHL,GluingBeamHL_b4_pr1_r1_m1_lay1,FAILED,"Subtree execution failed",2113541.32
1363,2025-09-08 13:17:58.687,GluingBeamHL,GluingBeamHL_b10_pr2_r1_m2_lay1,STARTED,"High-level execution with subtree: FF_Default_DynamicFlow_GluingBeamHL_b10_pr2_r1_m2_lay1; DeltaTime: 0.100",2115088.86
1364,2025-09-08 13:18:01.660,GluingBeamHL,GluingBeamHL_b10_pr2_r1_m2_lay1,FAILED,"Subtree execution failed",2118062.02
1365,2025-09-08 13:18:03.596,GluingBeamHL,GluingBeamHL_b16_pr3_r1_m3_lay1,STARTED,"High-level execution with subtree: FF_Default_DynamicFlow_GluingBeamHL_b16_pr3_r1_m3_lay1; DeltaTime: 0.100",2119997.54
1366,2025-09-08 13:18:06.707,GluingBeamHL,GluingBeamHL_b16_pr3_r1_m3_lay1,FAILED,"Subtree execution failed",2123108.67
1367,2025-09-08 13:18:08.653,GluingBeamHL,GluingBeamHL_b22_pr4_r1_m4_lay1,STARTED,"High-level execution with subtree: FF_Default_DynamicFlow_GluingBeamHL_b22_pr4_r1_m4_lay1; DeltaTime: 0.100",2125054.67
1368,2025-09-08 13:18:11.871,TravelML,TravelML_r1_pr1_ep3,STARTED,"Normal execution; DeltaTime: 0.100",2128272.38
1369,2025-09-08 13:18:11.871,TravelML,TravelML_r1_pr1_ep3,STARTED,"DeltaTime: 0.100",2128273.02
1370,2025-09-08 13:18:12.094,TravelML,TravelML_r1_pr1_ep3,COMPLETED,"Effects applied successfully",2128496.16
1371,2025-09-08 13:18:14.818,GluingBeamHL,GluingBeamHL_b22_pr4_r1_m4_lay1,STARTED,"High-level execution with subtree: FF_Default_DynamicFlow_GluingBeamHL_b22_pr4_r1_m4_lay1; DeltaTime: 0.100",2131219.78
1372,2025-09-08 13:18:14.917,CloseToolML,CloseToolML_r1_ng1,STARTED,"Normal execution; DeltaTime: 0.100",2131318.72
1373,2025-09-08 13:18:14.918,CloseToolML,CloseToolML_r1_ng1,STARTED,"DeltaTime: 0.100",2131319.42
1374,2025-09-08 13:18:15.018,CloseToolML,CloseToolML_r1_ng1,COMPLETED,"Effects applied successfully",2131419.69
1375,2025-09-08 13:18:16.397,GluingBeamHL,GluingBeamHL_b22_pr4_r1_m4_lay1,STARTED,"High-level execution with subtree: FF_Default_DynamicFlow_GluingBeamHL_b22_pr4_r1_m4_lay1; DeltaTime: 0.100",2132798.79
1376,2025-09-08 13:18:16.526,DeequipML,DeequipML_r1_ng1_ep3,STARTED,"Normal execution; DeltaTime: 0.100",2132927.83
1377,2025-09-08 13:18:16.528,DeequipML,DeequipML_r1_ng1_ep3,STARTED,"DeltaTime: 0.100",2132929.53
1378,2025-09-08 13:18:16.772,DeequipML,DeequipML_r1_ng1_ep3,COMPLETED,"Effects applied successfully",2133173.31
1379,2025-09-08 13:18:19.111,GluingBeamHL,GluingBeamHL_b22_pr4_r1_m4_lay1,STARTED,"High-level execution with subtree: FF_Default_DynamicFlow_GluingBeamHL_b22_pr4_r1_m4_lay1; DeltaTime: 0.100",2135512.82
1380,2025-09-08 13:18:19.247,TravelML,TravelML_r1_ep3_ep2,STARTED,"Normal execution; DeltaTime: 0.100",2135649.07
1381,2025-09-08 13:18:19.248,TravelML,TravelML_r1_ep3_ep2,STARTED,"DeltaTime: 0.100",2135649.94
1382,2025-09-08 13:18:19.335,TravelML,TravelML_r1_ep3_ep2,COMPLETED,"Effects applied successfully",2135736.63
1383,2025-09-08 13:18:21.432,GluingBeamHL,GluingBeamHL_b22_pr4_r1_m4_lay1,STARTED,"High-level execution with subtree: FF_Default_DynamicFlow_GluingBeamHL_b22_pr4_r1_m4_lay1; DeltaTime: 0.100",2137833.84
1384,2025-09-08 13:18:21.644,EquipeML,EquipeML_r1_gg1_ep2,STARTED,"Normal execution; DeltaTime: 0.100",2138045.59
1385,2025-09-08 13:18:21.645,EquipeML,EquipeML_r1_gg1_ep2,STARTED,"DeltaTime: 0.100",2138046.30
1386,2025-09-08 13:18:21.904,EquipeML,EquipeML_r1_gg1_ep2,COMPLETED,"Effects applied successfully",2138305.41
1387,2025-09-08 13:18:24.161,GluingBeamHL,GluingBeamHL_b22_pr4_r1_m4_lay1,STARTED,"High-level execution with subtree: FF_Default_DynamicFlow_GluingBeamHL_b22_pr4_r1_m4_lay1; DeltaTime: 0.100",2140562.66
1388,2025-09-08 13:18:24.268,TravelML,TravelML_r1_ep2_pr4,STARTED,"Normal execution; DeltaTime: 0.100",2140669.30
1389,2025-09-08 13:18:24.268,TravelML,TravelML_r1_ep2_pr4,STARTED,"DeltaTime: 0.100",2140670.17
1390,2025-09-08 13:18:24.362,TravelML,TravelML_r1_ep2_pr4,COMPLETED,"Effects applied successfully",2140763.39
1391,2025-09-08 13:18:26.490,GluingBeamHL,GluingBeamHL_b22_pr4_r1_m4_lay1,STARTED,"High-level execution with subtree: FF_Default_DynamicFlow_GluingBeamHL_b22_pr4_r1_m4_lay1; DeltaTime: 0.100",2142891.98
1392,2025-09-08 13:18:26.684,InitializeML,InitializeML_r1_gg1,STARTED,"Normal execution; DeltaTime: 0.100",2143085.34
1393,2025-09-08 13:18:26.687,InitializeML,InitializeML_r1_gg1,STARTED,"DeltaTime: 0.100",2143089.09
1394,2025-09-08 13:18:26.836,InitializeML,InitializeML_r1_gg1,COMPLETED,"Effects applied successfully",2143237.45
1395,2025-09-08 13:18:29.235,GluingBeamHL,GluingBeamHL_b22_pr4_r1_m4_lay1,STARTED,"High-level execution with subtree: FF_Default_DynamicFlow_GluingBeamHL_b22_pr4_r1_m4_lay1; DeltaTime: 0.100",2145636.41
1396,2025-09-08 13:18:29.329,GluingML,GluingML_b22_pr4_r1_gg1,STARTED,"Normal execution; DeltaTime: 0.100",2145731.14
1397,2025-09-08 13:18:29.330,GluingML,GluingML_b22_pr4_r1_gg1,STARTED,"DeltaTime: 0.100",2145731.81
1398,2025-09-08 13:18:29.442,GluingML,GluingML_b22_pr4_r1_gg1,COMPLETED,"Effects applied successfully",2145844.00
1399,2025-09-08 13:18:29.455,GluingBeamHL,GluingBeamHL_b22_pr4_r1_m4_lay1,COMPLETED,"Subtree execution completed successfully",2145856.87
1400,2025-09-08 13:18:30.618,GluingBeamHL,GluingBeamHL_b24_pr4_r1_m4_lay1,STARTED,"High-level execution with subtree: FF_Default_DynamicFlow_GluingBeamHL_b24_pr4_r1_m4_lay1; DeltaTime: 0.100",2147019.86
1401,2025-09-08 13:18:33.522,GluingBeamHL,GluingBeamHL_b24_pr4_r1_m4_lay1,FAILED,"Subtree execution failed",2149924.21
1402,2025-09-08 13:18:34.422,GluingBeamHL,GluingBeamHL_b4_pr1_r1_m1_lay1,STARTED,"High-level execution with subtree: FF_Default_DynamicFlow_GluingBeamHL_b4_pr1_r1_m1_lay1; DeltaTime: 0.100",2150824.19
1403,2025-09-08 13:18:38.450,GluingBeamHL,GluingBeamHL_b4_pr1_r1_m1_lay1,FAILED,"Subtree execution failed",2154851.64
1404,2025-09-08 13:18:38.800,GluingBeamHL,GluingBeamHL_b10_pr2_r1_m2_lay1,STARTED,"High-level execution with subtree: FF_Default_DynamicFlow_GluingBeamHL_b10_pr2_r1_m2_lay1; DeltaTime: 0.100",2155201.31
1405,2025-09-08 13:18:41.317,GluingBeamHL,GluingBeamHL_b10_pr2_r1_m2_lay1,FAILED,"Subtree execution failed",2157718.49
1406,2025-09-08 13:18:41.693,GluingBeamHL,GluingBeamHL_b16_pr3_r1_m3_lay1,STARTED,"High-level execution with subtree: FF_Default_DynamicFlow_GluingBeamHL_b16_pr3_r1_m3_lay1; DeltaTime: 0.100",2158094.47
1407,2025-09-08 13:18:44.312,GluingBeamHL,GluingBeamHL_b16_pr3_r1_m3_lay1,FAILED,"Subtree execution failed",2160713.43
1408,2025-09-08 13:18:44.744,GluingBeamHL,GluingBeamHL_b24_pr4_r1_m4_lay1,STARTED,"High-level execution with subtree: FF_Default_DynamicFlow_GluingBeamHL_b24_pr4_r1_m4_lay1; DeltaTime: 0.100",2161145.75
1409,2025-09-08 13:18:44.756,GluingML,GluingML_b24_pr4_r1_gg1,STARTED,"Normal execution; DeltaTime: 0.100",2161157.33
1410,2025-09-08 13:18:44.756,GluingML,GluingML_b24_pr4_r1_gg1,STARTED,"DeltaTime: 0.100",2161157.53
1411,2025-09-08 13:18:44.784,GluingML,GluingML_b24_pr4_r1_gg1,COMPLETED,"Effects applied successfully",2161185.89
1412,2025-09-08 13:18:44.787,GluingBeamHL,GluingBeamHL_b24_pr4_r1_m4_lay1,COMPLETED,"Subtree execution completed successfully",2161188.72
1413,2025-09-08 13:18:45.117,GluingBeamHL,GluingBeamHL_b21_pr4_r1_m4_lay1,STARTED,"High-level execution with subtree: FF_Default_DynamicFlow_GluingBeamHL_b21_pr4_r1_m4_lay1; DeltaTime: 0.100",2161518.81
1414,2025-09-08 13:18:47.907,GluingBeamHL,GluingBeamHL_b21_pr4_r1_m4_lay1,FAILED,"Subtree execution failed",2164308.91
1415,2025-09-08 13:18:48.444,GluingBeamHL,GluingBeamHL_b4_pr1_r1_m1_lay1,STARTED,"High-level execution with subtree: FF_Default_DynamicFlow_GluingBeamHL_b4_pr1_r1_m1_lay1; DeltaTime: 0.100",2164845.29
1416,2025-09-08 13:18:50.980,GluingBeamHL,GluingBeamHL_b4_pr1_r1_m1_lay1,FAILED,"Subtree execution failed",2167381.53
1417,2025-09-08 13:18:51.349,GluingBeamHL,GluingBeamHL_b10_pr2_r1_m2_lay1,STARTED,"High-level execution with subtree: FF_Default_DynamicFlow_GluingBeamHL_b10_pr2_r1_m2_lay1; DeltaTime: 0.100",2167750.81
1418,2025-09-08 13:18:54.058,GluingBeamHL,GluingBeamHL_b10_pr2_r1_m2_lay1,FAILED,"Subtree execution failed",2170459.30
1419,2025-09-08 13:18:54.432,GluingBeamHL,GluingBeamHL_b16_pr3_r1_m3_lay1,STARTED,"High-level execution with subtree: FF_Default_DynamicFlow_GluingBeamHL_b16_pr3_r1_m3_lay1; DeltaTime: 0.100",2170834.17
1420,2025-09-08 13:18:56.963,GluingBeamHL,GluingBeamHL_b16_pr3_r1_m3_lay1,FAILED,"Subtree execution failed",2173365.09
1421,2025-09-08 13:18:57.379,GluingBeamHL,GluingBeamHL_b21_pr4_r1_m4_lay1,STARTED,"High-level execution with subtree: FF_Default_DynamicFlow_GluingBeamHL_b21_pr4_r1_m4_lay1; DeltaTime: 0.100",2173780.52
1422,2025-09-08 13:18:57.392,GluingML,GluingML_b21_pr4_r1_gg1,STARTED,"Normal execution; DeltaTime: 0.100",2173793.65
1423,2025-09-08 13:18:57.392,GluingML,GluingML_b21_pr4_r1_gg1,STARTED,"DeltaTime: 0.100",2173793.85
1424,2025-09-08 13:18:57.420,GluingML,GluingML_b21_pr4_r1_gg1,COMPLETED,"Effects applied successfully",2173822.04
1425,2025-09-08 13:18:57.423,GluingBeamHL,GluingBeamHL_b21_pr4_r1_m4_lay1,COMPLETED,"Subtree execution completed successfully",2173824.87
1426,2025-09-08 13:18:57.768,GluingBeamHL,GluingBeamHL_b20_pr4_r1_m4_lay1,STARTED,"High-level execution with subtree: FF_Default_DynamicFlow_GluingBeamHL_b20_pr4_r1_m4_lay1; DeltaTime: 0.100",2174169.29
1427,2025-09-08 13:19:00.332,GluingBeamHL,GluingBeamHL_b20_pr4_r1_m4_lay1,FAILED,"Subtree execution failed",2176733.83
1428,2025-09-08 13:19:00.838,GluingBeamHL,GluingBeamHL_b4_pr1_r1_m1_lay1,STARTED,"High-level execution with subtree: FF_Default_DynamicFlow_GluingBeamHL_b4_pr1_r1_m1_lay1; DeltaTime: 0.100",2177239.48
1429,2025-09-08 13:19:03.342,GluingBeamHL,GluingBeamHL_b4_pr1_r1_m1_lay1,FAILED,"Subtree execution failed",2179743.58
1430,2025-09-08 13:19:03.676,GluingBeamHL,GluingBeamHL_b10_pr2_r1_m2_lay1,STARTED,"High-level execution with subtree: FF_Default_DynamicFlow_GluingBeamHL_b10_pr2_r1_m2_lay1; DeltaTime: 0.100",2180077.62
1431,2025-09-08 13:19:06.253,GluingBeamHL,GluingBeamHL_b10_pr2_r1_m2_lay1,FAILED,"Subtree execution failed",2182654.87
1432,2025-09-08 13:19:06.625,GluingBeamHL,GluingBeamHL_b16_pr3_r1_m3_lay1,STARTED,"High-level execution with subtree: FF_Default_DynamicFlow_GluingBeamHL_b16_pr3_r1_m3_lay1; DeltaTime: 0.100",2183026.34
1433,2025-09-08 13:19:09.197,GluingBeamHL,GluingBeamHL_b16_pr3_r1_m3_lay1,FAILED,"Subtree execution failed",2185598.68
1434,2025-09-08 13:19:09.605,GluingBeamHL,GluingBeamHL_b20_pr4_r1_m4_lay1,STARTED,"High-level execution with subtree: FF_Default_DynamicFlow_GluingBeamHL_b20_pr4_r1_m4_lay1; DeltaTime: 0.100",2186007.08
1435,2025-09-08 13:19:09.618,GluingML,GluingML_b20_pr4_r1_gg1,STARTED,"Normal execution; DeltaTime: 0.100",2186019.84
1436,2025-09-08 13:19:09.618,GluingML,GluingML_b20_pr4_r1_gg1,STARTED,"DeltaTime: 0.100",2186020.03
1437,2025-09-08 13:19:09.644,GluingML,GluingML_b20_pr4_r1_gg1,COMPLETED,"Effects applied successfully",2186045.75
1438,2025-09-08 13:19:09.647,GluingBeamHL,GluingBeamHL_b20_pr4_r1_m4_lay1,COMPLETED,"Subtree execution completed successfully",2186048.49
1439,2025-09-08 13:19:09.973,GluingBeamHL,GluingBeamHL_b19_pr4_r1_m4_lay1,STARTED,"High-level execution with subtree: FF_Default_DynamicFlow_GluingBeamHL_b19_pr4_r1_m4_lay1; DeltaTime: 0.100",2186374.75
1440,2025-09-08 13:19:12.772,GluingBeamHL,GluingBeamHL_b19_pr4_r1_m4_lay1,FAILED,"Subtree execution failed",2189173.77
1441,2025-09-08 13:19:13.285,GluingBeamHL,GluingBeamHL_b4_pr1_r1_m1_lay1,STARTED,"High-level execution with subtree: FF_Default_DynamicFlow_GluingBeamHL_b4_pr1_r1_m1_lay1; DeltaTime: 0.100",2189686.98
1442,2025-09-08 13:19:16.005,GluingBeamHL,GluingBeamHL_b4_pr1_r1_m1_lay1,FAILED,"Subtree execution failed",2192406.97
1443,2025-09-08 13:19:16.365,GluingBeamHL,GluingBeamHL_b10_pr2_r1_m2_lay1,STARTED,"High-level execution with subtree: FF_Default_DynamicFlow_GluingBeamHL_b10_pr2_r1_m2_lay1; DeltaTime: 0.100",2192767.19
1444,2025-09-08 13:19:19.168,GluingBeamHL,GluingBeamHL_b10_pr2_r1_m2_lay1,FAILED,"Subtree execution failed",2195569.43
1445,2025-09-08 13:19:19.540,GluingBeamHL,GluingBeamHL_b16_pr3_r1_m3_lay1,STARTED,"High-level execution with subtree: FF_Default_DynamicFlow_GluingBeamHL_b16_pr3_r1_m3_lay1; DeltaTime: 0.100",2195941.35
1446,2025-09-08 13:19:22.343,GluingBeamHL,GluingBeamHL_b16_pr3_r1_m3_lay1,FAILED,"Subtree execution failed",2198744.61
1447,2025-09-08 13:19:22.770,GluingBeamHL,GluingBeamHL_b19_pr4_r1_m4_lay1,STARTED,"High-level execution with subtree: FF_Default_DynamicFlow_GluingBeamHL_b19_pr4_r1_m4_lay1; DeltaTime: 0.100",2199171.93
1448,2025-09-08 13:19:22.783,GluingML,GluingML_b19_pr4_r1_gg1,STARTED,"Normal execution; DeltaTime: 0.100",2199184.39
1449,2025-09-08 13:19:22.783,GluingML,GluingML_b19_pr4_r1_gg1,STARTED,"DeltaTime: 0.100",2199184.59
1450,2025-09-08 13:19:22.809,GluingML,GluingML_b19_pr4_r1_gg1,COMPLETED,"Effects applied successfully",2199211.23
1451,2025-09-08 13:19:22.812,GluingBeamHL,GluingBeamHL_b19_pr4_r1_m4_lay1,COMPLETED,"Subtree execution completed successfully",2199214.04
1452,2025-09-08 13:19:23.136,GluingBeamHL,GluingBeamHL_b23_pr4_r1_m4_lay1,STARTED,"High-level execution with subtree: FF_Default_DynamicFlow_GluingBeamHL_b23_pr4_r1_m4_lay1; DeltaTime: 0.100",2199537.78
1453,2025-09-08 13:19:25.637,GluingBeamHL,GluingBeamHL_b23_pr4_r1_m4_lay1,FAILED,"Subtree execution failed",2202038.96
1454,2025-09-08 13:19:26.137,GluingBeamHL,GluingBeamHL_b4_pr1_r1_m1_lay1,STARTED,"High-level execution with subtree: FF_Default_DynamicFlow_GluingBeamHL_b4_pr1_r1_m1_lay1; DeltaTime: 0.100",2202538.85
1455,2025-09-08 13:19:28.659,GluingBeamHL,GluingBeamHL_b4_pr1_r1_m1_lay1,FAILED,"Subtree execution failed",2205060.66
1456,2025-09-08 13:19:29.007,GluingBeamHL,GluingBeamHL_b10_pr2_r1_m2_lay1,STARTED,"High-level execution with subtree: FF_Default_DynamicFlow_GluingBeamHL_b10_pr2_r1_m2_lay1; DeltaTime: 0.100",2205408.96
1457,2025-09-08 13:19:31.495,GluingBeamHL,GluingBeamHL_b10_pr2_r1_m2_lay1,FAILED,"Subtree execution failed",2207896.63
1458,2025-09-08 13:19:31.870,GluingBeamHL,GluingBeamHL_b16_pr3_r1_m3_lay1,STARTED,"High-level execution with subtree: FF_Default_DynamicFlow_GluingBeamHL_b16_pr3_r1_m3_lay1; DeltaTime: 0.100",2208271.29
1459,2025-09-08 13:19:34.464,GluingBeamHL,GluingBeamHL_b16_pr3_r1_m3_lay1,FAILED,"Subtree execution failed",2210866.04
1460,2025-09-08 13:19:34.896,GluingBeamHL,GluingBeamHL_b23_pr4_r1_m4_lay1,STARTED,"High-level execution with subtree: FF_Default_DynamicFlow_GluingBeamHL_b23_pr4_r1_m4_lay1; DeltaTime: 0.100",2211297.45
1461,2025-09-08 13:19:34.907,GluingML,GluingML_b23_pr4_r1_gg1,STARTED,"Normal execution; DeltaTime: 0.100",2211308.75
1462,2025-09-08 13:19:34.907,GluingML,GluingML_b23_pr4_r1_gg1,STARTED,"DeltaTime: 0.100",2211308.94
1463,2025-09-08 13:19:34.934,GluingML,GluingML_b23_pr4_r1_gg1,COMPLETED,"Effects applied successfully",2211335.64
1464,2025-09-08 13:19:34.937,GluingBeamHL,GluingBeamHL_b23_pr4_r1_m4_lay1,COMPLETED,"Subtree execution completed successfully",2211338.55
1465,2025-09-08 13:19:35.271,PickUpHL,PickUpHL_tp4_fp29_r1,STARTED,"High-level execution with subtree: FF_Default_DynamicFlow_PickUpHL_tp4_fp29_r1; DeltaTime: 0.100",2211673.19
1466,2025-09-08 13:19:37.777,PickUpHL,PickUpHL_tp4_fp29_r1,FAILED,"Subtree execution failed",2214179.05
1467,2025-09-08 13:19:38.291,GluingBeamHL,GluingBeamHL_b4_pr1_r1_m1_lay1,STARTED,"High-level execution with subtree: FF_Default_DynamicFlow_GluingBeamHL_b4_pr1_r1_m1_lay1; DeltaTime: 0.100",2214692.79
1468,2025-09-08 13:19:40.811,GluingBeamHL,GluingBeamHL_b4_pr1_r1_m1_lay1,FAILED,"Subtree execution failed",2217212.60
1469,2025-09-08 13:19:41.153,GluingBeamHL,GluingBeamHL_b10_pr2_r1_m2_lay1,STARTED,"High-level execution with subtree: FF_Default_DynamicFlow_GluingBeamHL_b10_pr2_r1_m2_lay1; DeltaTime: 0.100",2217554.69
1470,2025-09-08 13:19:43.668,GluingBeamHL,GluingBeamHL_b10_pr2_r1_m2_lay1,FAILED,"Subtree execution failed",2220069.47
1471,2025-09-08 13:19:44.031,GluingBeamHL,GluingBeamHL_b16_pr3_r1_m3_lay1,STARTED,"High-level execution with subtree: FF_Default_DynamicFlow_GluingBeamHL_b16_pr3_r1_m3_lay1; DeltaTime: 0.100",2220432.40
1472,2025-09-08 13:19:46.543,TravelML,TravelML_r1_pr4_pr3,STARTED,"Normal execution; DeltaTime: 0.100",2222945.02
1473,2025-09-08 13:19:46.543,TravelML,TravelML_r1_pr4_pr3,STARTED,"DeltaTime: 0.100",2222945.22
1474,2025-09-08 13:19:46.574,TravelML,TravelML_r1_pr4_pr3,COMPLETED,"Effects applied successfully",2222976.17
1475,2025-09-08 13:19:46.997,GluingBeamHL,GluingBeamHL_b16_pr3_r1_m3_lay1,STARTED,"High-level execution with subtree: FF_Default_DynamicFlow_GluingBeamHL_b16_pr3_r1_m3_lay1; DeltaTime: 0.100",2223399.19
1476,2025-09-08 13:19:47.015,GluingML,GluingML_b16_pr3_r1_gg1,STARTED,"Normal execution; DeltaTime: 0.100",2223416.53
1477,2025-09-08 13:19:47.015,GluingML,GluingML_b16_pr3_r1_gg1,STARTED,"DeltaTime: 0.100",2223416.75
1478,2025-09-08 13:19:47.044,GluingML,GluingML_b16_pr3_r1_gg1,COMPLETED,"Effects applied successfully",2223445.75
1479,2025-09-08 13:19:47.047,GluingBeamHL,GluingBeamHL_b16_pr3_r1_m3_lay1,COMPLETED,"Subtree execution completed successfully",2223448.84
1480,2025-09-08 13:19:47.376,GluingBeamHL,GluingBeamHL_b18_pr3_r1_m3_lay1,STARTED,"High-level execution with subtree: FF_Default_DynamicFlow_GluingBeamHL_b18_pr3_r1_m3_lay1; DeltaTime: 0.100",2223777.99
1481,2025-09-08 13:19:49.947,GluingBeamHL,GluingBeamHL_b18_pr3_r1_m3_lay1,FAILED,"Subtree execution failed",2226348.28
1482,2025-09-08 13:19:57.687,PickUpHL,PickUpHL_tp4_fp29_r1,STARTED,"High-level execution with subtree: FF_Default_DynamicFlow_PickUpHL_tp4_fp29_r1; DeltaTime: 0.100",2234088.38
1483,2025-09-08 13:20:00.277,PickUpHL,PickUpHL_tp4_fp29_r1,FAILED,"Subtree execution failed",2236678.66
1484,2025-09-08 13:20:00.792,GluingBeamHL,GluingBeamHL_b4_pr1_r1_m1_lay1,STARTED,"High-level execution with subtree: FF_Default_DynamicFlow_GluingBeamHL_b4_pr1_r1_m1_lay1; DeltaTime: 0.100",2237193.94
1485,2025-09-08 13:20:03.291,GluingBeamHL,GluingBeamHL_b4_pr1_r1_m1_lay1,FAILED,"Subtree execution failed",2239692.94
1486,2025-09-08 13:20:03.646,GluingBeamHL,GluingBeamHL_b10_pr2_r1_m2_lay1,STARTED,"High-level execution with subtree: FF_Default_DynamicFlow_GluingBeamHL_b10_pr2_r1_m2_lay1; DeltaTime: 0.100",2240047.44
1487,2025-09-08 13:20:06.154,GluingBeamHL,GluingBeamHL_b10_pr2_r1_m2_lay1,FAILED,"Subtree execution failed",2242555.32
1488,2025-09-08 13:20:06.556,GluingBeamHL,GluingBeamHL_b18_pr3_r1_m3_lay1,STARTED,"High-level execution with subtree: FF_Default_DynamicFlow_GluingBeamHL_b18_pr3_r1_m3_lay1; DeltaTime: 0.100",2242957.32
1489,2025-09-08 13:20:06.568,GluingML,GluingML_b18_pr3_r1_gg1,STARTED,"Normal execution; DeltaTime: 0.100",2242969.73
1490,2025-09-08 13:20:06.568,GluingML,GluingML_b18_pr3_r1_gg1,STARTED,"DeltaTime: 0.100",2242969.95
1491,2025-09-08 13:20:06.595,GluingML,GluingML_b18_pr3_r1_gg1,COMPLETED,"Effects applied successfully",2242997.13
1492,2025-09-08 13:20:06.599,GluingBeamHL,GluingBeamHL_b18_pr3_r1_m3_lay1,COMPLETED,"Subtree execution completed successfully",2243000.38
1493,2025-09-08 13:20:06.911,GluingBeamHL,GluingBeamHL_b15_pr3_r1_m3_lay1,STARTED,"High-level execution with subtree: FF_Default_DynamicFlow_GluingBeamHL_b15_pr3_r1_m3_lay1; DeltaTime: 0.100",2243312.62
1494,2025-09-08 13:20:09.419,GluingBeamHL,GluingBeamHL_b15_pr3_r1_m3_lay1,FAILED,"Subtree execution failed",2245820.35
1495,2025-09-08 13:20:09.722,PickUpHL,PickUpHL_tp4_fp29_r1,STARTED,"High-level execution with subtree: FF_Default_DynamicFlow_PickUpHL_tp4_fp29_r1; DeltaTime: 0.100",2246123.45
1496,2025-09-08 13:20:12.258,PickUpHL,PickUpHL_tp4_fp29_r1,FAILED,"Subtree execution failed",2248659.42
1497,2025-09-08 13:20:12.775,GluingBeamHL,GluingBeamHL_b4_pr1_r1_m1_lay1,STARTED,"High-level execution with subtree: FF_Default_DynamicFlow_GluingBeamHL_b4_pr1_r1_m1_lay1; DeltaTime: 0.100",2249176.75
1498,2025-09-08 13:20:15.259,GluingBeamHL,GluingBeamHL_b4_pr1_r1_m1_lay1,FAILED,"Subtree execution failed",2251660.57
1499,2025-09-08 13:20:57.939,GluingBeamHL,GluingBeamHL_b10_pr2_r1_m2_lay1,STARTED,"High-level execution with subtree: FF_Default_DynamicFlow_GluingBeamHL_b10_pr2_r1_m2_lay1; DeltaTime: 0.100",2294340.67
1500,2025-09-08 13:21:00.556,GluingBeamHL,GluingBeamHL_b10_pr2_r1_m2_lay1,FAILED,"Subtree execution failed",2296957.72
1501,2025-09-08 13:21:00.975,GluingBeamHL,GluingBeamHL_b15_pr3_r1_m3_lay1,STARTED,"High-level execution with subtree: FF_Default_DynamicFlow_GluingBeamHL_b15_pr3_r1_m3_lay1; DeltaTime: 0.100",2297376.57
1502,2025-09-08 13:21:00.987,GluingML,GluingML_b15_pr3_r1_gg1,STARTED,"Normal execution; DeltaTime: 0.100",2297388.90
1503,2025-09-08 13:21:00.987,GluingML,GluingML_b15_pr3_r1_gg1,STARTED,"DeltaTime: 0.100",2297389.11
1504,2025-09-08 13:21:01.018,GluingML,GluingML_b15_pr3_r1_gg1,COMPLETED,"Effects applied successfully",2297419.51
1505,2025-09-08 13:21:01.021,GluingBeamHL,GluingBeamHL_b15_pr3_r1_m3_lay1,COMPLETED,"Subtree execution completed successfully",2297422.61
1506,2025-09-08 13:21:01.334,GluingBeamHL,GluingBeamHL_b14_pr3_r1_m3_lay1,STARTED,"High-level execution with subtree: FF_Default_DynamicFlow_GluingBeamHL_b14_pr3_r1_m3_lay1; DeltaTime: 0.100",2297735.45
1507,2025-09-08 13:21:03.883,GluingBeamHL,GluingBeamHL_b14_pr3_r1_m3_lay1,FAILED,"Subtree execution failed",2300284.52
1508,2025-09-08 13:21:04.224,PickUpHL,PickUpHL_tp4_fp29_r1,STARTED,"High-level execution with subtree: FF_Default_DynamicFlow_PickUpHL_tp4_fp29_r1; DeltaTime: 0.100",2300625.44
1509,2025-09-08 13:21:07.047,PickUpHL,PickUpHL_tp4_fp29_r1,FAILED,"Subtree execution failed",2303448.78
1510,2025-09-08 13:21:07.621,GluingBeamHL,GluingBeamHL_b4_pr1_r1_m1_lay1,STARTED,"High-level execution with subtree: FF_Default_DynamicFlow_GluingBeamHL_b4_pr1_r1_m1_lay1; DeltaTime: 0.100",2304022.81
1511,2025-09-08 13:21:10.465,GluingBeamHL,GluingBeamHL_b4_pr1_r1_m1_lay1,FAILED,"Subtree execution failed",2306867.19
1512,2025-09-08 13:21:10.828,GluingBeamHL,GluingBeamHL_b10_pr2_r1_m2_lay1,STARTED,"High-level execution with subtree: FF_Default_DynamicFlow_GluingBeamHL_b10_pr2_r1_m2_lay1; DeltaTime: 0.100",2307229.91
1513,2025-09-08 13:21:13.455,GluingBeamHL,GluingBeamHL_b10_pr2_r1_m2_lay1,FAILED,"Subtree execution failed",2309856.46
1514,2025-09-08 13:21:13.881,GluingBeamHL,GluingBeamHL_b14_pr3_r1_m3_lay1,STARTED,"High-level execution with subtree: FF_Default_DynamicFlow_GluingBeamHL_b14_pr3_r1_m3_lay1; DeltaTime: 0.100",2310283.09
1515,2025-09-08 13:21:13.893,GluingML,GluingML_b14_pr3_r1_gg1,STARTED,"Normal execution; DeltaTime: 0.100",2310295.12
1516,2025-09-08 13:21:13.894,GluingML,GluingML_b14_pr3_r1_gg1,STARTED,"DeltaTime: 0.100",2310295.33
1517,2025-09-08 13:21:13.922,GluingML,GluingML_b14_pr3_r1_gg1,COMPLETED,"Effects applied successfully",2310323.69
1518,2025-09-08 13:21:13.925,GluingBeamHL,GluingBeamHL_b14_pr3_r1_m3_lay1,COMPLETED,"Subtree execution completed successfully",2310326.80
1519,2025-09-08 13:21:14.288,GluingBeamHL,GluingBeamHL_b13_pr3_r1_m3_lay1,STARTED,"High-level execution with subtree: FF_Default_DynamicFlow_GluingBeamHL_b13_pr3_r1_m3_lay1; DeltaTime: 0.100",2310690.20
1520,2025-09-08 13:21:16.806,GluingBeamHL,GluingBeamHL_b13_pr3_r1_m3_lay1,FAILED,"Subtree execution failed",2313207.89
1521,2025-09-08 13:21:17.142,PickUpHL,PickUpHL_tp4_fp29_r1,STARTED,"High-level execution with subtree: FF_Default_DynamicFlow_PickUpHL_tp4_fp29_r1; DeltaTime: 0.100",2313544.04
1522,2025-09-08 13:21:20.064,PickUpHL,PickUpHL_tp4_fp29_r1,FAILED,"Subtree execution failed",2316465.74
1523,2025-09-08 13:21:20.721,GluingBeamHL,GluingBeamHL_b4_pr1_r1_m1_lay1,STARTED,"High-level execution with subtree: FF_Default_DynamicFlow_GluingBeamHL_b4_pr1_r1_m1_lay1; DeltaTime: 0.100",2317123.01
1524,2025-09-08 13:21:23.267,GluingBeamHL,GluingBeamHL_b4_pr1_r1_m1_lay1,FAILED,"Subtree execution failed",2319669.25
1525,2025-09-08 13:21:23.794,GluingBeamHL,GluingBeamHL_b10_pr2_r1_m2_lay1,STARTED,"High-level execution with subtree: FF_Default_DynamicFlow_GluingBeamHL_b10_pr2_r1_m2_lay1; DeltaTime: 0.100",2320195.56
1526,2025-09-08 13:21:26.533,GluingBeamHL,GluingBeamHL_b10_pr2_r1_m2_lay1,FAILED,"Subtree execution failed",2322934.86
1527,2025-09-08 13:21:27.081,GluingBeamHL,GluingBeamHL_b13_pr3_r1_m3_lay1,STARTED,"High-level execution with subtree: FF_Default_DynamicFlow_GluingBeamHL_b13_pr3_r1_m3_lay1; DeltaTime: 0.100",2323482.32
1528,2025-09-08 13:21:27.099,GluingML,GluingML_b13_pr3_r1_gg1,STARTED,"Normal execution; DeltaTime: 0.100",2323500.63
1529,2025-09-08 13:21:27.099,GluingML,GluingML_b13_pr3_r1_gg1,STARTED,"DeltaTime: 0.100",2323501.09
1530,2025-09-08 13:21:27.142,GluingML,GluingML_b13_pr3_r1_gg1,COMPLETED,"Effects applied successfully",2323543.95
1531,2025-09-08 13:21:27.146,GluingBeamHL,GluingBeamHL_b13_pr3_r1_m3_lay1,COMPLETED,"Subtree execution completed successfully",2323547.96
1532,2025-09-08 13:21:27.600,GluingBeamHL,GluingBeamHL_b17_pr3_r1_m3_lay1,STARTED,"High-level execution with subtree: FF_Default_DynamicFlow_GluingBeamHL_b17_pr3_r1_m3_lay1; DeltaTime: 0.100",2324001.97
1533,2025-09-08 13:21:30.203,GluingBeamHL,GluingBeamHL_b17_pr3_r1_m3_lay1,FAILED,"Subtree execution failed",2326604.55
1534,2025-09-08 13:21:30.589,PickUpHL,PickUpHL_tp4_fp29_r1,STARTED,"High-level execution with subtree: FF_Default_DynamicFlow_PickUpHL_tp4_fp29_r1; DeltaTime: 0.100",2326990.87
1535,2025-09-08 13:21:33.380,PickUpHL,PickUpHL_tp4_fp29_r1,FAILED,"Subtree execution failed",2329781.57
1536,2025-09-08 13:21:33.971,GluingBeamHL,GluingBeamHL_b4_pr1_r1_m1_lay1,STARTED,"High-level execution with subtree: FF_Default_DynamicFlow_GluingBeamHL_b4_pr1_r1_m1_lay1; DeltaTime: 0.100",2330373.01
1537,2025-09-08 13:21:36.895,GluingBeamHL,GluingBeamHL_b4_pr1_r1_m1_lay1,FAILED,"Subtree execution failed",2333296.74
1538,2025-09-08 13:21:40.267,GluingBeamHL,GluingBeamHL_b10_pr2_r1_m2_lay1,STARTED,"High-level execution with subtree: FF_Default_DynamicFlow_GluingBeamHL_b10_pr2_r1_m2_lay1; DeltaTime: 0.100",2336668.87
1539,2025-09-08 13:21:43.021,GluingBeamHL,GluingBeamHL_b10_pr2_r1_m2_lay1,FAILED,"Subtree execution failed",2339422.63
1540,2025-09-08 13:21:44.073,GluingBeamHL,GluingBeamHL_b17_pr3_r1_m3_lay1,STARTED,"High-level execution with subtree: FF_Default_DynamicFlow_GluingBeamHL_b17_pr3_r1_m3_lay1; DeltaTime: 0.100",2340475.27
1541,2025-09-08 13:21:44.108,GluingML,GluingML_b17_pr3_r1_gg1,STARTED,"Normal execution; DeltaTime: 0.100",2340509.76
1542,2025-09-08 13:21:44.109,GluingML,GluingML_b17_pr3_r1_gg1,STARTED,"DeltaTime: 0.100",2340510.42
1543,2025-09-08 13:21:44.191,GluingML,GluingML_b17_pr3_r1_gg1,COMPLETED,"Effects applied successfully",2340593.26
1544,2025-09-08 13:21:44.200,GluingBeamHL,GluingBeamHL_b17_pr3_r1_m3_lay1,COMPLETED,"Subtree execution completed successfully",2340601.92
1545,2025-09-08 13:21:44.933,PickUpHL,PickUpHL_tp3_fp21_r1,STARTED,"High-level execution with subtree: FF_Default_DynamicFlow_PickUpHL_tp3_fp21_r1; DeltaTime: 0.100",2341334.47
1546,2025-09-08 13:21:47.626,PickUpHL,PickUpHL_tp3_fp21_r1,FAILED,"Subtree execution failed",2344027.95
1547,2025-09-08 13:21:48.369,PickUpHL,PickUpHL_tp4_fp29_r1,STARTED,"High-level execution with subtree: FF_Default_DynamicFlow_PickUpHL_tp4_fp29_r1; DeltaTime: 0.100",2344770.95
1548,2025-09-08 13:21:51.388,PickUpHL,PickUpHL_tp4_fp29_r1,FAILED,"Subtree execution failed",2347790.22
1549,2025-09-08 13:21:52.445,GluingBeamHL,GluingBeamHL_b4_pr1_r1_m1_lay1,STARTED,"High-level execution with subtree: FF_Default_DynamicFlow_GluingBeamHL_b4_pr1_r1_m1_lay1; DeltaTime: 0.100",2348847.10
1550,2025-09-08 13:21:55.335,GluingBeamHL,GluingBeamHL_b4_pr1_r1_m1_lay1,FAILED,"Subtree execution failed",2351736.72
1551,2025-09-08 13:21:56.122,GluingBeamHL,GluingBeamHL_b10_pr2_r1_m2_lay1,STARTED,"High-level execution with subtree: FF_Default_DynamicFlow_GluingBeamHL_b10_pr2_r1_m2_lay1; DeltaTime: 0.100",2352523.39
1552,2025-09-08 13:21:59.063,TravelML,TravelML_r1_pr3_pr2,STARTED,"Normal execution; DeltaTime: 0.100",2355465.20
1553,2025-09-08 13:21:59.064,TravelML,TravelML_r1_pr3_pr2,STARTED,"DeltaTime: 0.100",2355465.58
1554,2025-09-08 13:21:59.168,TravelML,TravelML_r1_pr3_pr2,COMPLETED,"Effects applied successfully",2355570.06
1555,2025-09-08 13:22:00.168,GluingBeamHL,GluingBeamHL_b10_pr2_r1_m2_lay1,STARTED,"High-level execution with subtree: FF_Default_DynamicFlow_GluingBeamHL_b10_pr2_r1_m2_lay1; DeltaTime: 0.100",2356569.86
1556,2025-09-08 13:22:00.237,GluingML,GluingML_b10_pr2_r1_gg1,STARTED,"Normal execution; DeltaTime: 0.100",2356639.23
1557,2025-09-08 13:22:00.239,GluingML,GluingML_b10_pr2_r1_gg1,STARTED,"DeltaTime: 0.100",2356640.46
1558,2025-09-08 13:22:00.397,GluingML,GluingML_b10_pr2_r1_gg1,COMPLETED,"Effects applied successfully",2356798.91
1559,2025-09-08 13:22:00.410,GluingBeamHL,GluingBeamHL_b10_pr2_r1_m2_lay1,COMPLETED,"Subtree execution completed successfully",2356811.73
1560,2025-09-08 13:22:01.238,GluingBeamHL,GluingBeamHL_b12_pr2_r1_m2_lay1,STARTED,"High-level execution with subtree: FF_Default_DynamicFlow_GluingBeamHL_b12_pr2_r1_m2_lay1; DeltaTime: 0.100",2357639.66
1561,2025-09-08 13:22:03.829,GluingBeamHL,GluingBeamHL_b12_pr2_r1_m2_lay1,FAILED,"Subtree execution failed",2360230.47
1562,2025-09-08 13:22:04.604,PickUpHL,PickUpHL_tp3_fp21_r1,STARTED,"High-level execution with subtree: FF_Default_DynamicFlow_PickUpHL_tp3_fp21_r1; DeltaTime: 0.100",2361005.44
1563,2025-09-08 13:22:07.822,PickUpHL,PickUpHL_tp3_fp21_r1,FAILED,"Subtree execution failed",2364223.33
1564,2025-09-08 13:22:08.488,PickUpHL,PickUpHL_tp4_fp29_r1,STARTED,"High-level execution with subtree: FF_Default_DynamicFlow_PickUpHL_tp4_fp29_r1; DeltaTime: 0.100",2364889.65
1565,2025-09-08 13:22:11.671,PickUpHL,PickUpHL_tp4_fp29_r1,FAILED,"Subtree execution failed",2368072.30
1566,2025-09-08 13:22:12.428,GluingBeamHL,GluingBeamHL_b4_pr1_r1_m1_lay1,STARTED,"High-level execution with subtree: FF_Default_DynamicFlow_GluingBeamHL_b4_pr1_r1_m1_lay1; DeltaTime: 0.100",2368829.65
1567,2025-09-08 13:22:15.068,GluingBeamHL,GluingBeamHL_b4_pr1_r1_m1_lay1,FAILED,"Subtree execution failed",2371469.40
1568,2025-09-08 13:22:16.080,GluingBeamHL,GluingBeamHL_b12_pr2_r1_m2_lay1,STARTED,"High-level execution with subtree: FF_Default_DynamicFlow_GluingBeamHL_b12_pr2_r1_m2_lay1; DeltaTime: 0.100",2372482.03
1569,2025-09-08 13:22:16.116,GluingML,GluingML_b12_pr2_r1_gg1,STARTED,"Normal execution; DeltaTime: 0.100",2372518.05
1570,2025-09-08 13:22:16.117,GluingML,GluingML_b12_pr2_r1_gg1,STARTED,"DeltaTime: 0.100",2372518.55
1571,2025-09-08 13:22:16.192,GluingML,GluingML_b12_pr2_r1_gg1,COMPLETED,"Effects applied successfully",2372593.67
1572,2025-09-08 13:22:16.199,GluingBeamHL,GluingBeamHL_b12_pr2_r1_m2_lay1,COMPLETED,"Subtree execution completed successfully",2372600.34
1573,2025-09-08 13:22:17.165,GluingBeamHL,GluingBeamHL_b9_pr2_r1_m2_lay1,STARTED,"High-level execution with subtree: FF_Default_DynamicFlow_GluingBeamHL_b9_pr2_r1_m2_lay1; DeltaTime: 0.100",2373567.24
1574,2025-09-08 13:22:19.977,GluingBeamHL,GluingBeamHL_b9_pr2_r1_m2_lay1,FAILED,"Subtree execution failed",2376379.25
1575,2025-09-08 13:22:20.653,PickUpHL,PickUpHL_tp3_fp21_r1,STARTED,"High-level execution with subtree: FF_Default_DynamicFlow_PickUpHL_tp3_fp21_r1; DeltaTime: 0.100",2377054.57
1576,2025-09-08 13:22:23.699,PickUpHL,PickUpHL_tp3_fp21_r1,FAILED,"Subtree execution failed",2380100.71
1577,2025-09-08 13:22:24.534,PickUpHL,PickUpHL_tp4_fp29_r1,STARTED,"High-level execution with subtree: FF_Default_DynamicFlow_PickUpHL_tp4_fp29_r1; DeltaTime: 0.100",2380935.99
1578,2025-09-08 13:22:27.692,PickUpHL,PickUpHL_tp4_fp29_r1,FAILED,"Subtree execution failed",2384093.77
1579,2025-09-08 13:22:28.781,GluingBeamHL,GluingBeamHL_b4_pr1_r1_m1_lay1,STARTED,"High-level execution with subtree: FF_Default_DynamicFlow_GluingBeamHL_b4_pr1_r1_m1_lay1; DeltaTime: 0.100",2385182.92
1580,2025-09-08 13:22:31.928,GluingBeamHL,GluingBeamHL_b4_pr1_r1_m1_lay1,FAILED,"Subtree execution failed",2388329.78
1581,2025-09-08 13:22:32.923,GluingBeamHL,GluingBeamHL_b9_pr2_r1_m2_lay1,STARTED,"High-level execution with subtree: FF_Default_DynamicFlow_GluingBeamHL_b9_pr2_r1_m2_lay1; DeltaTime: 0.100",2389324.71
1582,2025-09-08 13:22:33.009,GluingML,GluingML_b9_pr2_r1_gg1,STARTED,"Normal execution; DeltaTime: 0.100",2389410.84
1583,2025-09-08 13:22:33.010,GluingML,GluingML_b9_pr2_r1_gg1,STARTED,"DeltaTime: 0.100",2389411.48
1584,2025-09-08 13:22:33.159,GluingML,GluingML_b9_pr2_r1_gg1,COMPLETED,"Effects applied successfully",2389560.56
1585,2025-09-08 13:22:33.166,GluingBeamHL,GluingBeamHL_b9_pr2_r1_m2_lay1,COMPLETED,"Subtree execution completed successfully",2389567.74
1586,2025-09-08 13:22:33.923,GluingBeamHL,GluingBeamHL_b8_pr2_r1_m2_lay1,STARTED,"High-level execution with subtree: FF_Default_DynamicFlow_GluingBeamHL_b8_pr2_r1_m2_lay1; DeltaTime: 0.100",2390324.97
1587,2025-09-08 13:22:36.446,GluingBeamHL,GluingBeamHL_b8_pr2_r1_m2_lay1,FAILED,"Subtree execution failed",2392847.32
1588,2025-09-08 13:22:37.227,PickUpHL,PickUpHL_tp3_fp21_r1,STARTED,"High-level execution with subtree: FF_Default_DynamicFlow_PickUpHL_tp3_fp21_r1; DeltaTime: 0.100",2393628.95
1589,2025-09-08 13:22:40.015,PickUpHL,PickUpHL_tp3_fp21_r1,FAILED,"Subtree execution failed",2396417.22
1590,2025-09-08 13:22:40.672,PickUpHL,PickUpHL_tp4_fp29_r1,STARTED,"High-level execution with subtree: FF_Default_DynamicFlow_PickUpHL_tp4_fp29_r1; DeltaTime: 0.100",2397073.95
1591,2025-09-08 13:22:43.820,PickUpHL,PickUpHL_tp4_fp29_r1,FAILED,"Subtree execution failed",2400222.20
1592,2025-09-08 13:22:45.139,GluingBeamHL,GluingBeamHL_b4_pr1_r1_m1_lay1,STARTED,"High-level execution with subtree: FF_Default_DynamicFlow_GluingBeamHL_b4_pr1_r1_m1_lay1; DeltaTime: 0.100",2401540.57
1593,2025-09-08 13:22:47.717,GluingBeamHL,GluingBeamHL_b4_pr1_r1_m1_lay1,FAILED,"Subtree execution failed",2404119.24
1594,2025-09-08 13:22:48.451,GluingBeamHL,GluingBeamHL_b8_pr2_r1_m2_lay1,STARTED,"High-level execution with subtree: FF_Default_DynamicFlow_GluingBeamHL_b8_pr2_r1_m2_lay1; DeltaTime: 0.100",2404853.22
1595,2025-09-08 13:22:49.892,GluingML,GluingML_b8_pr2_r1_gg1,STARTED,"Normal execution; DeltaTime: 0.100",2406293.32
1596,2025-09-08 13:22:49.892,GluingML,GluingML_b8_pr2_r1_gg1,STARTED,"DeltaTime: 0.100",2406293.87
1597,2025-09-08 13:22:49.972,GluingML,GluingML_b8_pr2_r1_gg1,COMPLETED,"Effects applied successfully",2406373.88
1598,2025-09-08 13:22:49.980,GluingBeamHL,GluingBeamHL_b8_pr2_r1_m2_lay1,COMPLETED,"Subtree execution completed successfully",2406382.03
1599,2025-09-08 13:22:51.013,GluingBeamHL,GluingBeamHL_b7_pr2_r1_m2_lay1,STARTED,"High-level execution with subtree: FF_Default_DynamicFlow_GluingBeamHL_b7_pr2_r1_m2_lay1; DeltaTime: 0.100",2407414.42
1600,2025-09-08 13:22:53.711,GluingBeamHL,GluingBeamHL_b7_pr2_r1_m2_lay1,FAILED,"Subtree execution failed",2410112.37
1601,2025-09-08 13:22:54.833,PickUpHL,PickUpHL_tp3_fp21_r1,STARTED,"High-level execution with subtree: FF_Default_DynamicFlow_PickUpHL_tp3_fp21_r1; DeltaTime: 0.100",2411235.24
1602,2025-09-08 13:22:57.535,PickUpHL,PickUpHL_tp3_fp21_r1,FAILED,"Subtree execution failed",2413937.19
1603,2025-09-08 13:22:57.985,PickUpHL,PickUpHL_tp4_fp29_r1,STARTED,"High-level execution with subtree: FF_Default_DynamicFlow_PickUpHL_tp4_fp29_r1; DeltaTime: 0.100",2414386.79
1604,2025-09-08 13:23:00.928,PickUpHL,PickUpHL_tp4_fp29_r1,FAILED,"Subtree execution failed",2417329.94
1605,2025-09-08 13:23:01.579,GluingBeamHL,GluingBeamHL_b4_pr1_r1_m1_lay1,STARTED,"High-level execution with subtree: FF_Default_DynamicFlow_GluingBeamHL_b4_pr1_r1_m1_lay1; DeltaTime: 0.100",2417980.92
1606,2025-09-08 13:23:04.121,GluingBeamHL,GluingBeamHL_b4_pr1_r1_m1_lay1,FAILED,"Subtree execution failed",2420522.79
1607,2025-09-08 13:23:04.918,GluingBeamHL,GluingBeamHL_b7_pr2_r1_m2_lay1,STARTED,"High-level execution with subtree: FF_Default_DynamicFlow_GluingBeamHL_b7_pr2_r1_m2_lay1; DeltaTime: 0.100",2421319.52
1608,2025-09-08 13:23:04.937,GluingML,GluingML_b7_pr2_r1_gg1,STARTED,"Normal execution; DeltaTime: 0.100",2421339.20
1609,2025-09-08 13:23:04.938,GluingML,GluingML_b7_pr2_r1_gg1,STARTED,"DeltaTime: 0.100",2421339.53
1610,2025-09-08 13:23:04.981,GluingML,GluingML_b7_pr2_r1_gg1,COMPLETED,"Effects applied successfully",2421383.23
1611,2025-09-08 13:23:04.986,GluingBeamHL,GluingBeamHL_b7_pr2_r1_m2_lay1,COMPLETED,"Subtree execution completed successfully",2421387.30
1612,2025-09-08 13:23:05.431,GluingBeamHL,GluingBeamHL_b11_pr2_r1_m2_lay1,STARTED,"High-level execution with subtree: FF_Default_DynamicFlow_GluingBeamHL_b11_pr2_r1_m2_lay1; DeltaTime: 0.100",2421833.11
1613,2025-09-08 13:23:08.229,GluingBeamHL,GluingBeamHL_b11_pr2_r1_m2_lay1,FAILED,"Subtree execution failed",2424631.02
1614,2025-09-08 13:23:08.632,PickUpHL,PickUpHL_tp3_fp21_r1,STARTED,"High-level execution with subtree: FF_Default_DynamicFlow_PickUpHL_tp3_fp21_r1; DeltaTime: 0.100",2425033.56
1615,2025-09-08 13:23:11.750,PickUpHL,PickUpHL_tp3_fp21_r1,FAILED,"Subtree execution failed",2428151.70
1616,2025-09-08 13:23:12.157,PickUpHL,PickUpHL_tp4_fp29_r1,STARTED,"High-level execution with subtree: FF_Default_DynamicFlow_PickUpHL_tp4_fp29_r1; DeltaTime: 0.100",2428558.43
1617,2025-09-08 13:23:15.236,PickUpHL,PickUpHL_tp4_fp29_r1,FAILED,"Subtree execution failed",2431638.09
1618,2025-09-08 13:23:15.940,GluingBeamHL,GluingBeamHL_b4_pr1_r1_m1_lay1,STARTED,"High-level execution with subtree: FF_Default_DynamicFlow_GluingBeamHL_b4_pr1_r1_m1_lay1; DeltaTime: 0.100",2432341.77
1619,2025-09-08 13:23:18.429,GluingBeamHL,GluingBeamHL_b4_pr1_r1_m1_lay1,FAILED,"Subtree execution failed",2434831.21
1620,2025-09-08 13:23:19.023,GluingBeamHL,GluingBeamHL_b11_pr2_r1_m2_lay1,STARTED,"High-level execution with subtree: FF_Default_DynamicFlow_GluingBeamHL_b11_pr2_r1_m2_lay1; DeltaTime: 0.100",2435424.34
1621,2025-09-08 13:23:19.041,GluingML,GluingML_b11_pr2_r1_gg1,STARTED,"Normal execution; DeltaTime: 0.100",2435442.69
1622,2025-09-08 13:23:19.041,GluingML,GluingML_b11_pr2_r1_gg1,STARTED,"DeltaTime: 0.100",2435443.04
1623,2025-09-08 13:23:19.083,GluingML,GluingML_b11_pr2_r1_gg1,COMPLETED,"Effects applied successfully",2435484.99
1624,2025-09-08 13:23:19.090,GluingBeamHL,GluingBeamHL_b11_pr2_r1_m2_lay1,COMPLETED,"Subtree execution completed successfully",2435491.83
1625,2025-09-08 13:23:19.588,PickUpHL,PickUpHL_tp2_fp13_r1,STARTED,"High-level execution with subtree: FF_Default_DynamicFlow_PickUpHL_tp2_fp13_r1; DeltaTime: 0.100",2435989.56
1626,2025-09-08 13:23:22.403,PickUpHL,PickUpHL_tp2_fp13_r1,FAILED,"Subtree execution failed",2438804.55
1627,2025-09-08 13:23:22.810,PickUpHL,PickUpHL_tp3_fp21_r1,STARTED,"High-level execution with subtree: FF_Default_DynamicFlow_PickUpHL_tp3_fp21_r1; DeltaTime: 0.100",2439211.92
1628,2025-09-08 13:23:25.410,PickUpHL,PickUpHL_tp3_fp21_r1,FAILED,"Subtree execution failed",2441812.19
1629,2025-09-08 13:23:25.819,PickUpHL,PickUpHL_tp4_fp29_r1,STARTED,"High-level execution with subtree: FF_Default_DynamicFlow_PickUpHL_tp4_fp29_r1; DeltaTime: 0.100",2442220.74
1630,2025-09-08 13:23:28.568,PickUpHL,PickUpHL_tp4_fp29_r1,FAILED,"Subtree execution failed",2444969.50
1631,2025-09-08 13:23:29.232,GluingBeamHL,GluingBeamHL_b4_pr1_r1_m1_lay1,STARTED,"High-level execution with subtree: FF_Default_DynamicFlow_GluingBeamHL_b4_pr1_r1_m1_lay1; DeltaTime: 0.100",2445633.78
1632,2025-09-08 13:23:31.995,TravelML,TravelML_r1_pr2_pr1,STARTED,"Normal execution; DeltaTime: 0.100",2448396.81
1633,2025-09-08 13:23:31.995,TravelML,TravelML_r1_pr2_pr1,STARTED,"DeltaTime: 0.100",2448397.06
1634,2025-09-08 13:23:32.042,TravelML,TravelML_r1_pr2_pr1,COMPLETED,"Effects applied successfully",2448443.70
1635,2025-09-08 13:23:32.649,GluingBeamHL,GluingBeamHL_b4_pr1_r1_m1_lay1,STARTED,"High-level execution with subtree: FF_Default_DynamicFlow_GluingBeamHL_b4_pr1_r1_m1_lay1; DeltaTime: 0.100",2449050.74
1636,2025-09-08 13:23:32.671,GluingML,GluingML_b4_pr1_r1_gg1,STARTED,"Normal execution; DeltaTime: 0.100",2449073.27
1637,2025-09-08 13:23:32.672,GluingML,GluingML_b4_pr1_r1_gg1,STARTED,"DeltaTime: 0.100",2449073.54
1638,2025-09-08 13:23:32.714,GluingML,GluingML_b4_pr1_r1_gg1,COMPLETED,"Effects applied successfully",2449115.35
1639,2025-09-08 13:23:32.718,GluingBeamHL,GluingBeamHL_b4_pr1_r1_m1_lay1,COMPLETED,"Subtree execution completed successfully",2449119.70
1640,2025-09-08 13:23:33.280,GluingBeamHL,GluingBeamHL_b6_pr1_r1_m1_lay1,STARTED,"High-level execution with subtree: FF_Default_DynamicFlow_GluingBeamHL_b6_pr1_r1_m1_lay1; DeltaTime: 0.100",2449681.56
1641,2025-09-08 13:23:36.002,GluingBeamHL,GluingBeamHL_b6_pr1_r1_m1_lay1,FAILED,"Subtree execution failed",2452403.28
1642,2025-09-08 13:23:36.456,PickUpHL,PickUpHL_tp2_fp13_r1,STARTED,"High-level execution with subtree: FF_Default_DynamicFlow_PickUpHL_tp2_fp13_r1; DeltaTime: 0.100",2452857.30
1643,2025-09-08 13:23:39.250,PickUpHL,PickUpHL_tp2_fp13_r1,FAILED,"Subtree execution failed",2455651.42
1644,2025-09-08 13:23:39.817,PickUpHL,PickUpHL_tp3_fp21_r1,STARTED,"High-level execution with subtree: FF_Default_DynamicFlow_PickUpHL_tp3_fp21_r1; DeltaTime: 0.100",2456219.09
1645,2025-09-08 13:23:42.442,PickUpHL,PickUpHL_tp3_fp21_r1,FAILED,"Subtree execution failed",2458844.18
1646,2025-09-08 13:23:43.033,PickUpHL,PickUpHL_tp4_fp29_r1,STARTED,"High-level execution with subtree: FF_Default_DynamicFlow_PickUpHL_tp4_fp29_r1; DeltaTime: 0.100",2459435.09
1647,2025-09-08 13:23:45.609,PickUpHL,PickUpHL_tp4_fp29_r1,FAILED,"Subtree execution failed",2462010.64
1648,2025-09-08 13:23:46.770,GluingBeamHL,GluingBeamHL_b6_pr1_r1_m1_lay1,STARTED,"High-level execution with subtree: FF_Default_DynamicFlow_GluingBeamHL_b6_pr1_r1_m1_lay1; DeltaTime: 0.100",2463171.68
1649,2025-09-08 13:23:46.790,GluingML,GluingML_b6_pr1_r1_gg1,STARTED,"Normal execution; DeltaTime: 0.100",2463191.30
1650,2025-09-08 13:23:46.790,GluingML,GluingML_b6_pr1_r1_gg1,STARTED,"DeltaTime: 0.100",2463191.72
1651,2025-09-08 13:23:46.835,GluingML,GluingML_b6_pr1_r1_gg1,COMPLETED,"Effects applied successfully",2463236.71
1652,2025-09-08 13:23:46.841,GluingBeamHL,GluingBeamHL_b6_pr1_r1_m1_lay1,COMPLETED,"Subtree execution completed successfully",2463242.38
1653,2025-09-08 13:23:47.354,GluingBeamHL,GluingBeamHL_b3_pr1_r1_m1_lay1,STARTED,"High-level execution with subtree: FF_Default_DynamicFlow_GluingBeamHL_b3_pr1_r1_m1_lay1; DeltaTime: 0.100",2463755.28
1654,2025-09-08 13:23:49.877,GluingBeamHL,GluingBeamHL_b3_pr1_r1_m1_lay1,FAILED,"Subtree execution failed",2466278.68
1655,2025-09-08 13:23:50.329,PickUpHL,PickUpHL_tp2_fp13_r1,STARTED,"High-level execution with subtree: FF_Default_DynamicFlow_PickUpHL_tp2_fp13_r1; DeltaTime: 0.100",2466730.47
1656,2025-09-08 13:23:53.085,PickUpHL,PickUpHL_tp2_fp13_r1,FAILED,"Subtree execution failed",2469486.44
1657,2025-09-08 13:23:53.649,PickUpHL,PickUpHL_tp3_fp21_r1,STARTED,"High-level execution with subtree: FF_Default_DynamicFlow_PickUpHL_tp3_fp21_r1; DeltaTime: 0.100",2470051.20
1658,2025-09-08 13:23:56.285,PickUpHL,PickUpHL_tp3_fp21_r1,FAILED,"Subtree execution failed",2472686.33
1659,2025-09-08 13:23:56.936,PickUpHL,PickUpHL_tp4_fp29_r1,STARTED,"High-level execution with subtree: FF_Default_DynamicFlow_PickUpHL_tp4_fp29_r1; DeltaTime: 0.100",2473338.17
1660,2025-09-08 13:24:00.052,PickUpHL,PickUpHL_tp4_fp29_r1,FAILED,"Subtree execution failed",2476454.08
1661,2025-09-08 13:24:01.056,GluingBeamHL,GluingBeamHL_b3_pr1_r1_m1_lay1,STARTED,"High-level execution with subtree: FF_Default_DynamicFlow_GluingBeamHL_b3_pr1_r1_m1_lay1; DeltaTime: 0.100",2477457.53
1662,2025-09-08 13:24:01.077,GluingML,GluingML_b3_pr1_r1_gg1,STARTED,"Normal execution; DeltaTime: 0.100",2477478.99
1663,2025-09-08 13:24:01.077,GluingML,GluingML_b3_pr1_r1_gg1,STARTED,"DeltaTime: 0.100",2477479.24
1664,2025-09-08 13:24:01.123,GluingML,GluingML_b3_pr1_r1_gg1,COMPLETED,"Effects applied successfully",2477524.51
1665,2025-09-08 13:24:01.128,GluingBeamHL,GluingBeamHL_b3_pr1_r1_m1_lay1,COMPLETED,"Subtree execution completed successfully",2477530.00
1666,2025-09-08 13:24:01.638,GluingBeamHL,GluingBeamHL_b2_pr1_r1_m1_lay1,STARTED,"High-level execution with subtree: FF_Default_DynamicFlow_GluingBeamHL_b2_pr1_r1_m1_lay1; DeltaTime: 0.100",2478040.26
1667,2025-09-08 13:24:04.154,GluingBeamHL,GluingBeamHL_b2_pr1_r1_m1_lay1,FAILED,"Subtree execution failed",2480555.55
1668,2025-09-08 13:24:04.618,PickUpHL,PickUpHL_tp2_fp13_r1,STARTED,"High-level execution with subtree: FF_Default_DynamicFlow_PickUpHL_tp2_fp13_r1; DeltaTime: 0.100",2481019.96
1669,2025-09-08 13:24:07.817,PickUpHL,PickUpHL_tp2_fp13_r1,FAILED,"Subtree execution failed",2484218.69
1670,2025-09-08 13:24:08.305,PickUpHL,PickUpHL_tp3_fp21_r1,STARTED,"High-level execution with subtree: FF_Default_DynamicFlow_PickUpHL_tp3_fp21_r1; DeltaTime: 0.100",2484706.81
1671,2025-09-08 13:24:11.019,PickUpHL,PickUpHL_tp3_fp21_r1,FAILED,"Subtree execution failed",2487421.11
1672,2025-09-08 13:24:11.665,PickUpHL,PickUpHL_tp4_fp29_r1,STARTED,"High-level execution with subtree: FF_Default_DynamicFlow_PickUpHL_tp4_fp29_r1; DeltaTime: 0.100",2488066.69
1673,2025-09-08 13:24:14.285,PickUpHL,PickUpHL_tp4_fp29_r1,FAILED,"Subtree execution failed",2490687.14
1674,2025-09-08 13:24:15.346,GluingBeamHL,GluingBeamHL_b2_pr1_r1_m1_lay1,STARTED,"High-level execution with subtree: FF_Default_DynamicFlow_GluingBeamHL_b2_pr1_r1_m1_lay1; DeltaTime: 0.100",2491747.38
1675,2025-09-08 13:24:15.366,GluingML,GluingML_b2_pr1_r1_gg1,STARTED,"Normal execution; DeltaTime: 0.100",2491767.84
1676,2025-09-08 13:24:15.366,GluingML,GluingML_b2_pr1_r1_gg1,STARTED,"DeltaTime: 0.100",2491768.18
1677,2025-09-08 13:24:15.412,GluingML,GluingML_b2_pr1_r1_gg1,COMPLETED,"Effects applied successfully",2491813.47
1678,2025-09-08 13:24:15.418,GluingBeamHL,GluingBeamHL_b2_pr1_r1_m1_lay1,COMPLETED,"Subtree execution completed successfully",2491819.36
1679,2025-09-08 13:24:15.906,GluingBeamHL,GluingBeamHL_b1_pr1_r1_m1_lay1,STARTED,"High-level execution with subtree: FF_Default_DynamicFlow_GluingBeamHL_b1_pr1_r1_m1_lay1; DeltaTime: 0.100",2492307.48
1680,2025-09-08 13:24:18.527,GluingBeamHL,GluingBeamHL_b1_pr1_r1_m1_lay1,FAILED,"Subtree execution failed",2494928.47
1681,2025-09-08 13:24:18.995,PickUpHL,PickUpHL_tp2_fp13_r1,STARTED,"High-level execution with subtree: FF_Default_DynamicFlow_PickUpHL_tp2_fp13_r1; DeltaTime: 0.100",2495396.73
1682,2025-09-08 13:24:21.638,PickUpHL,PickUpHL_tp2_fp13_r1,FAILED,"Subtree execution failed",2498040.01
1683,2025-09-08 13:24:22.312,PickUpHL,PickUpHL_tp3_fp21_r1,STARTED,"High-level execution with subtree: FF_Default_DynamicFlow_PickUpHL_tp3_fp21_r1; DeltaTime: 0.100",2498713.55
1684,2025-09-08 13:24:24.981,PickUpHL,PickUpHL_tp3_fp21_r1,FAILED,"Subtree execution failed",2501383.21
1685,2025-09-08 13:24:25.580,PickUpHL,PickUpHL_tp4_fp29_r1,STARTED,"High-level execution with subtree: FF_Default_DynamicFlow_PickUpHL_tp4_fp29_r1; DeltaTime: 0.100",2501981.61
1686,2025-09-08 13:24:28.269,PickUpHL,PickUpHL_tp4_fp29_r1,FAILED,"Subtree execution failed",2504670.96
1687,2025-09-08 13:24:29.270,GluingBeamHL,GluingBeamHL_b1_pr1_r1_m1_lay1,STARTED,"High-level execution with subtree: FF_Default_DynamicFlow_GluingBeamHL_b1_pr1_r1_m1_lay1; DeltaTime: 0.100",2505671.74
1688,2025-09-08 13:24:29.287,GluingML,GluingML_b1_pr1_r1_gg1,STARTED,"Normal execution; DeltaTime: 0.100",2505689.02
1689,2025-09-08 13:24:29.287,GluingML,GluingML_b1_pr1_r1_gg1,STARTED,"DeltaTime: 0.100",2505689.27
1690,2025-09-08 13:24:29.344,GluingML,GluingML_b1_pr1_r1_gg1,COMPLETED,"Effects applied successfully",2505745.85
1691,2025-09-08 13:24:29.349,GluingBeamHL,GluingBeamHL_b1_pr1_r1_m1_lay1,COMPLETED,"Subtree execution completed successfully",2505750.95
1692,2025-09-08 13:24:29.911,GluingBeamHL,GluingBeamHL_b5_pr1_r1_m1_lay1,STARTED,"High-level execution with subtree: FF_Default_DynamicFlow_GluingBeamHL_b5_pr1_r1_m1_lay1; DeltaTime: 0.100",2506312.91
1693,2025-09-08 13:24:32.854,GluingBeamHL,GluingBeamHL_b5_pr1_r1_m1_lay1,FAILED,"Subtree execution failed",2509255.56
1694,2025-09-08 13:24:33.297,PickUpHL,PickUpHL_tp2_fp13_r1,STARTED,"High-level execution with subtree: FF_Default_DynamicFlow_PickUpHL_tp2_fp13_r1; DeltaTime: 0.100",2509698.35
1695,2025-09-08 13:24:35.857,PickUpHL,PickUpHL_tp2_fp13_r1,FAILED,"Subtree execution failed",2512259.11
1696,2025-09-08 13:24:36.367,PickUpHL,PickUpHL_tp3_fp21_r1,STARTED,"High-level execution with subtree: FF_Default_DynamicFlow_PickUpHL_tp3_fp21_r1; DeltaTime: 0.100",2512769.21
1697,2025-09-08 13:24:38.976,PickUpHL,PickUpHL_tp3_fp21_r1,FAILED,"Subtree execution failed",2515377.89
1698,2025-09-08 13:24:39.657,PickUpHL,PickUpHL_tp4_fp29_r1,STARTED,"High-level execution with subtree: FF_Default_DynamicFlow_PickUpHL_tp4_fp29_r1; DeltaTime: 0.100",2516059.18
1699,2025-09-08 13:24:42.695,PickUpHL,PickUpHL_tp4_fp29_r1,FAILED,"Subtree execution failed",2519097.15
1700,2025-09-08 13:24:43.701,GluingBeamHL,GluingBeamHL_b5_pr1_r1_m1_lay1,STARTED,"High-level execution with subtree: FF_Default_DynamicFlow_GluingBeamHL_b5_pr1_r1_m1_lay1; DeltaTime: 0.100",2520102.78
1701,2025-09-08 13:24:43.719,GluingML,GluingML_b5_pr1_r1_gg1,STARTED,"Normal execution; DeltaTime: 0.100",2520120.43
1702,2025-09-08 13:24:43.719,GluingML,GluingML_b5_pr1_r1_gg1,STARTED,"DeltaTime: 0.100",2520120.73
1703,2025-09-08 13:24:43.762,GluingML,GluingML_b5_pr1_r1_gg1,COMPLETED,"Effects applied successfully",2520163.40
1704,2025-09-08 13:24:43.767,GluingBeamHL,GluingBeamHL_b5_pr1_r1_m1_lay1,COMPLETED,"Subtree execution completed successfully",2520168.50
1705,2025-09-08 13:24:44.439,PickUpHL,PickUpHL_tp1_fp5_r1,STARTED,"High-level execution with subtree: FF_Default_DynamicFlow_PickUpHL_tp1_fp5_r1; DeltaTime: 0.100",2520840.54
1706,2025-09-08 13:24:47.666,PickUpHL,PickUpHL_tp1_fp5_r1,FAILED,"Subtree execution failed",2524067.32
1707,2025-09-08 13:24:48.153,PickUpHL,PickUpHL_tp2_fp13_r1,STARTED,"High-level execution with subtree: FF_Default_DynamicFlow_PickUpHL_tp2_fp13_r1; DeltaTime: 0.100",2524554.48
1708,2025-09-08 13:24:50.746,PickUpHL,PickUpHL_tp2_fp13_r1,FAILED,"Subtree execution failed",2527147.81
1709,2025-09-08 13:24:51.296,PickUpHL,PickUpHL_tp3_fp21_r1,STARTED,"High-level execution with subtree: FF_Default_DynamicFlow_PickUpHL_tp3_fp21_r1; DeltaTime: 0.100",2527698.15
1710,2025-09-08 13:24:54.096,PickUpHL,PickUpHL_tp3_fp21_r1,FAILED,"Subtree execution failed",2530497.50
1711,2025-09-08 13:24:54.698,PickUpHL,PickUpHL_tp4_fp29_r1,STARTED,"High-level execution with subtree: FF_Default_DynamicFlow_PickUpHL_tp4_fp29_r1; DeltaTime: 0.100",2531100.12
1712,2025-09-08 13:24:57.440,TravelML,TravelML_r1_pr1_ep2,STARTED,"Normal execution; DeltaTime: 0.100",2533841.78
1713,2025-09-08 13:24:57.440,TravelML,TravelML_r1_pr1_ep2,STARTED,"DeltaTime: 0.100",2533842.04
1714,2025-09-08 13:24:57.489,TravelML,TravelML_r1_pr1_ep2,COMPLETED,"Effects applied successfully",2533890.29
1715,2025-09-08 13:24:58.281,PickUpHL,PickUpHL_tp4_fp29_r1,STARTED,"High-level execution with subtree: FF_Default_DynamicFlow_PickUpHL_tp4_fp29_r1; DeltaTime: 0.100",2534683.19
1716,2025-09-08 13:24:58.335,CloseToolML,CloseToolML_r1_gg1,STARTED,"Normal execution; DeltaTime: 0.100",2534736.58
1717,2025-09-08 13:24:58.335,CloseToolML,CloseToolML_r1_gg1,STARTED,"DeltaTime: 0.100",2534736.88
1718,2025-09-08 13:24:58.379,CloseToolML,CloseToolML_r1_gg1,COMPLETED,"Effects applied successfully",2534780.29
1719,2025-09-08 13:24:58.987,PickUpHL,PickUpHL_tp4_fp29_r1,STARTED,"High-level execution with subtree: FF_Default_DynamicFlow_PickUpHL_tp4_fp29_r1; DeltaTime: 0.100",2535389.01
1720,2025-09-08 13:24:59.036,DeequipML,DeequipML_r1_gg1_ep2,STARTED,"Normal execution; DeltaTime: 0.100",2535437.77
1721,2025-09-08 13:24:59.036,DeequipML,DeequipML_r1_gg1_ep2,STARTED,"DeltaTime: 0.100",2535438.24
1722,2025-09-08 13:24:59.085,DeequipML,DeequipML_r1_gg1_ep2,COMPLETED,"Effects applied successfully",2535487.11
1723,2025-09-08 13:24:59.736,PickUpHL,PickUpHL_tp4_fp29_r1,STARTED,"High-level execution with subtree: FF_Default_DynamicFlow_PickUpHL_tp4_fp29_r1; DeltaTime: 0.100",2536137.28
1724,2025-09-08 13:24:59.796,TravelML,TravelML_r1_ep2_ep1,STARTED,"Normal execution; DeltaTime: 0.100",2536197.45
1725,2025-09-08 13:24:59.796,TravelML,TravelML_r1_ep2_ep1,STARTED,"DeltaTime: 0.100",2536197.74
1726,2025-09-08 13:24:59.846,TravelML,TravelML_r1_ep2_ep1,COMPLETED,"Effects applied successfully",2536247.75
1727,2025-09-08 13:25:00.465,PickUpHL,PickUpHL_tp4_fp29_r1,STARTED,"High-level execution with subtree: FF_Default_DynamicFlow_PickUpHL_tp4_fp29_r1; DeltaTime: 0.100",2536867.05
1728,2025-09-08 13:25:00.513,EquipeML,EquipeML_r1_vg1_ep1,STARTED,"Normal execution; DeltaTime: 0.100",2536915.03
1729,2025-09-08 13:25:00.514,EquipeML,EquipeML_r1_vg1_ep1,STARTED,"DeltaTime: 0.100",2536915.31
1730,2025-09-08 13:25:00.560,EquipeML,EquipeML_r1_vg1_ep1,COMPLETED,"Effects applied successfully",2536961.51
1731,2025-09-08 13:25:01.213,PickUpHL,PickUpHL_tp4_fp29_r1,STARTED,"High-level execution with subtree: FF_Default_DynamicFlow_PickUpHL_tp4_fp29_r1; DeltaTime: 0.100",2537615.12
1732,2025-09-08 13:25:01.314,InitializeML,InitializeML_r1_vg1,STARTED,"Normal execution; DeltaTime: 0.100",2537715.88
1733,2025-09-08 13:25:01.314,InitializeML,InitializeML_r1_vg1,STARTED,"DeltaTime: 0.100",2537716.21
1734,2025-09-08 13:25:01.383,InitializeML,InitializeML_r1_vg1,COMPLETED,"Effects applied successfully",2537785.12
1735,2025-09-08 13:25:02.007,PickUpHL,PickUpHL_tp4_fp29_r1,STARTED,"High-level execution with subtree: FF_Default_DynamicFlow_PickUpHL_tp4_fp29_r1; DeltaTime: 0.100",2538408.44
1736,2025-09-08 13:25:02.062,TravelML,TravelML_r1_ep1_fp29,STARTED,"Normal execution; DeltaTime: 0.100",2538463.86
1737,2025-09-08 13:25:02.062,TravelML,TravelML_r1_ep1_fp29,STARTED,"DeltaTime: 0.100",2538464.10
1738,2025-09-08 13:25:02.109,TravelML,TravelML_r1_ep1_fp29,COMPLETED,"Effects applied successfully",2538510.57
1739,2025-09-08 13:25:02.700,PickUpHL,PickUpHL_tp4_fp29_r1,STARTED,"High-level execution with subtree: FF_Default_DynamicFlow_PickUpHL_tp4_fp29_r1; DeltaTime: 0.100",2539101.48
1740,2025-09-08 13:25:02.744,PickUpML,PickUpML_tp4_fp29_r1_vg1,STARTED,"Normal execution; DeltaTime: 0.100",2539145.77
1741,2025-09-08 13:25:02.744,PickUpML,PickUpML_tp4_fp29_r1_vg1,STARTED,"DeltaTime: 0.100",2539146.11
1742,2025-09-08 13:25:02.793,PickUpML,PickUpML_tp4_fp29_r1_vg1,COMPLETED,"Effects applied successfully",2539194.39
1743,2025-09-08 13:25:02.798,PickUpHL,PickUpHL_tp4_fp29_r1,COMPLETED,"Subtree execution completed successfully",2539199.61
1744,2025-09-08 13:25:03.236,StackonmultipleHL,StackonmultipleHL_tp4_r1_pr4_m4_lay1,STARTED,"High-level execution with subtree: FF_Default_DynamicFlow_StackonmultipleHL_tp4_r1_pr4_m4_lay1; DeltaTime: 0.100",2539638.12
1745,2025-09-08 13:25:05.986,StackonmultipleHL,StackonmultipleHL_tp4_r1_pr4_m4_lay1,FAILED,"Subtree execution failed",2542388.21
1746,2025-09-08 13:25:06.656,PickUpHL,PickUpHL_tp1_fp5_r1,STARTED,"High-level execution with subtree: FF_Default_DynamicFlow_PickUpHL_tp1_fp5_r1; DeltaTime: 0.100",2543057.44
1747,2025-09-08 13:25:09.405,PickUpHL,PickUpHL_tp1_fp5_r1,FAILED,"Subtree execution failed",2545806.43
1748,2025-09-08 13:25:10.127,PickUpHL,PickUpHL_tp2_fp13_r1,STARTED,"High-level execution with subtree: FF_Default_DynamicFlow_PickUpHL_tp2_fp13_r1; DeltaTime: 0.100",2546529.19
1749,2025-09-08 13:25:12.935,PickUpHL,PickUpHL_tp2_fp13_r1,FAILED,"Subtree execution failed",2549336.95
1750,2025-09-08 13:25:14.623,PickUpHL,PickUpHL_tp3_fp21_r1,STARTED,"High-level execution with subtree: FF_Default_DynamicFlow_PickUpHL_tp3_fp21_r1; DeltaTime: 0.100",2551024.55
1751,2025-09-08 13:25:17.262,PickUpHL,PickUpHL_tp3_fp21_r1,FAILED,"Subtree execution failed",2553663.34
1752,2025-09-08 13:25:19.117,StackonmultipleHL,StackonmultipleHL_tp4_r1_pr4_m4_lay1,STARTED,"High-level execution with subtree: FF_Default_DynamicFlow_StackonmultipleHL_tp4_r1_pr4_m4_lay1; DeltaTime: 0.100",2555519.27
1753,2025-09-08 13:25:19.193,TravelML,TravelML_r1_fp29_pr4,STARTED,"Normal execution; DeltaTime: 0.100",2555594.34
1754,2025-09-08 13:25:19.193,TravelML,TravelML_r1_fp29_pr4,STARTED,"DeltaTime: 0.100",2555594.88
1755,2025-09-08 13:25:19.296,TravelML,TravelML_r1_fp29_pr4,COMPLETED,"Effects applied successfully",2555697.85
1756,2025-09-08 13:25:21.273,StackonmultipleHL,StackonmultipleHL_tp4_r1_pr4_m4_lay1,STARTED,"High-level execution with subtree: FF_Default_DynamicFlow_StackonmultipleHL_tp4_r1_pr4_m4_lay1; DeltaTime: 0.100",2557674.71
1757,2025-09-08 13:25:21.353,StackML,StackML_tp4_b19_r1_vg1_pr4,STARTED,"Normal execution; DeltaTime: 0.100",2557754.90
1758,2025-09-08 13:25:21.354,StackML,StackML_tp4_b19_r1_vg1_pr4,STARTED,"DeltaTime: 0.100",2557755.47
1759,2025-09-08 13:25:21.566,StackML,StackML_tp4_b19_r1_vg1_pr4,COMPLETED,"Effects applied successfully",2557967.45
1760,2025-09-08 13:25:21.577,StackonmultipleHL,StackonmultipleHL_tp4_r1_pr4_m4_lay1,COMPLETED,"Subtree execution completed successfully",2557978.98
1761,2025-09-08 13:25:23.548,NailingHL,NailingHL_tp4_pr4_r1,STARTED,"High-level execution with subtree: FF_Default_DynamicFlow_NailingHL_tp4_pr4_r1; DeltaTime: 0.100",2559949.93
1762,2025-09-08 13:25:26.732,NailingHL,NailingHL_tp4_pr4_r1,FAILED,"Subtree execution failed",2563133.89
1763,2025-09-08 13:25:28.995,PickUpHL,PickUpHL_tp1_fp5_r1,STARTED,"High-level execution with subtree: FF_Default_DynamicFlow_PickUpHL_tp1_fp5_r1; DeltaTime: 0.100",2565396.33
1764,2025-09-08 13:25:31.818,PickUpHL,PickUpHL_tp1_fp5_r1,FAILED,"Subtree execution failed",2568219.85
1765,2025-09-08 13:25:33.649,PickUpHL,PickUpHL_tp2_fp13_r1,STARTED,"High-level execution with subtree: FF_Default_DynamicFlow_PickUpHL_tp2_fp13_r1; DeltaTime: 0.100",2570050.60
1766,2025-09-08 13:25:36.334,PickUpHL,PickUpHL_tp2_fp13_r1,FAILED,"Subtree execution failed",2572735.69
1767,2025-09-08 13:25:38.370,PickUpHL,PickUpHL_tp3_fp21_r1,STARTED,"High-level execution with subtree: FF_Default_DynamicFlow_PickUpHL_tp3_fp21_r1; DeltaTime: 0.100",2574771.77
1768,2025-09-08 13:25:41.115,TravelML,TravelML_r1_pr4_fp21,STARTED,"Normal execution; DeltaTime: 0.100",2577516.81
1769,2025-09-08 13:25:41.116,TravelML,TravelML_r1_pr4_fp21,STARTED,"DeltaTime: 0.100",2577518.03
1770,2025-09-08 13:25:41.403,TravelML,TravelML_r1_pr4_fp21,COMPLETED,"Effects applied successfully",2577804.97
1771,2025-09-08 13:25:43.986,PickUpHL,PickUpHL_tp3_fp21_r1,STARTED,"High-level execution with subtree: FF_Default_DynamicFlow_PickUpHL_tp3_fp21_r1; DeltaTime: 0.100",2580388.20
1772,2025-09-08 13:25:44.044,PickUpML,PickUpML_tp3_fp21_r1_vg1,STARTED,"Normal execution; DeltaTime: 0.100",2580445.62
1773,2025-09-08 13:25:44.044,PickUpML,PickUpML_tp3_fp21_r1_vg1,STARTED,"DeltaTime: 0.100",2580446.15
1774,2025-09-08 13:25:44.336,PickUpML,PickUpML_tp3_fp21_r1_vg1,COMPLETED,"Effects applied successfully",2580738.17
1775,2025-09-08 13:25:44.371,PickUpHL,PickUpHL_tp3_fp21_r1,COMPLETED,"Subtree execution completed successfully",2580772.96
1776,2025-09-08 13:25:45.887,StackonmultipleHL,StackonmultipleHL_tp3_r1_pr3_m3_lay1,STARTED,"High-level execution with subtree: FF_Default_DynamicFlow_StackonmultipleHL_tp3_r1_pr3_m3_lay1; DeltaTime: 0.100",2582288.44
1777,2025-09-08 13:25:48.559,StackonmultipleHL,StackonmultipleHL_tp3_r1_pr3_m3_lay1,FAILED,"Subtree execution failed",2584960.58
1778,2025-09-08 13:25:50.170,NailingHL,NailingHL_tp4_pr4_r1,STARTED,"High-level execution with subtree: FF_Default_DynamicFlow_NailingHL_tp4_pr4_r1; DeltaTime: 0.100",2586571.56
1779,2025-09-08 13:25:53.414,NailingHL,NailingHL_tp4_pr4_r1,FAILED,"Subtree execution failed",2589815.52
1780,2025-09-08 13:25:55.405,PickUpHL,PickUpHL_tp1_fp5_r1,STARTED,"High-level execution with subtree: FF_Default_DynamicFlow_PickUpHL_tp1_fp5_r1; DeltaTime: 0.100",2591806.85
1781,2025-09-08 13:25:58.417,PickUpHL,PickUpHL_tp1_fp5_r1,FAILED,"Subtree execution failed",2594818.45
1782,2025-09-08 13:25:59.617,PickUpHL,PickUpHL_tp2_fp13_r1,STARTED,"High-level execution with subtree: FF_Default_DynamicFlow_PickUpHL_tp2_fp13_r1; DeltaTime: 0.100",2596019.19
1783,2025-09-08 13:26:02.381,PickUpHL,PickUpHL_tp2_fp13_r1,FAILED,"Subtree execution failed",2598783.15
1784,2025-09-08 13:26:04.873,StackonmultipleHL,StackonmultipleHL_tp3_r1_pr3_m3_lay1,STARTED,"High-level execution with subtree: FF_Default_DynamicFlow_StackonmultipleHL_tp3_r1_pr3_m3_lay1; DeltaTime: 0.100",2601274.32
1785,2025-09-08 13:26:04.932,TravelML,TravelML_r1_fp21_pr3,STARTED,"Normal execution; DeltaTime: 0.100",2601333.64
1786,2025-09-08 13:26:04.933,TravelML,TravelML_r1_fp21_pr3,STARTED,"DeltaTime: 0.100",2601334.54
1787,2025-09-08 13:26:05.082,TravelML,TravelML_r1_fp21_pr3,COMPLETED,"Effects applied successfully",2601483.81
1788,2025-09-08 13:26:07.490,StackonmultipleHL,StackonmultipleHL_tp3_r1_pr3_m3_lay1,STARTED,"High-level execution with subtree: FF_Default_DynamicFlow_StackonmultipleHL_tp3_r1_pr3_m3_lay1; DeltaTime: 0.100",2603891.56
1789,2025-09-08 13:26:07.622,StackML,StackML_tp3_b13_r1_vg1_pr3,STARTED,"Normal execution; DeltaTime: 0.100",2604023.63
1790,2025-09-08 13:26:07.622,StackML,StackML_tp3_b13_r1_vg1_pr3,STARTED,"DeltaTime: 0.100",2604024.09
1791,2025-09-08 13:26:07.983,StackML,StackML_tp3_b13_r1_vg1_pr3,COMPLETED,"Effects applied successfully",2604384.46
1792,2025-09-08 13:26:08.015,StackonmultipleHL,StackonmultipleHL_tp3_r1_pr3_m3_lay1,COMPLETED,"Subtree execution completed successfully",2604416.91
1793,2025-09-08 13:26:09.672,NailingHL,NailingHL_tp3_pr3_r1,STARTED,"High-level execution with subtree: FF_Default_DynamicFlow_NailingHL_tp3_pr3_r1; DeltaTime: 0.100",2606073.62
1794,2025-09-08 13:26:12.989,NailingHL,NailingHL_tp3_pr3_r1,FAILED,"Subtree execution failed",2609390.45
1795,2025-09-08 13:26:14.380,NailingHL,NailingHL_tp4_pr4_r1,STARTED,"High-level execution with subtree: FF_Default_DynamicFlow_NailingHL_tp4_pr4_r1; DeltaTime: 0.100",2610781.60
1796,2025-09-08 13:26:17.572,NailingHL,NailingHL_tp4_pr4_r1,FAILED,"Subtree execution failed",2613974.05
1797,2025-09-08 13:26:19.227,PickUpHL,PickUpHL_tp1_fp5_r1,STARTED,"High-level execution with subtree: FF_Default_DynamicFlow_PickUpHL_tp1_fp5_r1; DeltaTime: 0.100",2615628.44
1798,2025-09-08 13:26:21.965,PickUpHL,PickUpHL_tp1_fp5_r1,FAILED,"Subtree execution failed",2618366.43
1799,2025-09-08 13:26:23.659,PickUpHL,PickUpHL_tp2_fp13_r1,STARTED,"High-level execution with subtree: FF_Default_DynamicFlow_PickUpHL_tp2_fp13_r1; DeltaTime: 0.100",2620060.50
1800,2025-09-08 13:26:26.403,TravelML,TravelML_r1_pr3_fp13,STARTED,"Normal execution; DeltaTime: 0.100",2622804.76
1801,2025-09-08 13:26:26.404,TravelML,TravelML_r1_pr3_fp13,STARTED,"DeltaTime: 0.100",2622805.66
1802,2025-09-08 13:26:26.771,TravelML,TravelML_r1_pr3_fp13,COMPLETED,"Effects applied successfully",2623172.74
1803,2025-09-08 13:26:29.862,PickUpHL,PickUpHL_tp2_fp13_r1,STARTED,"High-level execution with subtree: FF_Default_DynamicFlow_PickUpHL_tp2_fp13_r1; DeltaTime: 0.100",2626263.82
1804,2025-09-08 13:26:29.909,PickUpML,PickUpML_tp2_fp13_r1_vg1,STARTED,"Normal execution; DeltaTime: 0.100",2626310.67
1805,2025-09-08 13:26:29.910,PickUpML,PickUpML_tp2_fp13_r1_vg1,STARTED,"DeltaTime: 0.100",2626311.40
1806,2025-09-08 13:26:30.043,PickUpML,PickUpML_tp2_fp13_r1_vg1,COMPLETED,"Effects applied successfully",2626444.28
1807,2025-09-08 13:26:30.050,PickUpHL,PickUpHL_tp2_fp13_r1,COMPLETED,"Subtree execution completed successfully",2626452.12
1808,2025-09-08 13:26:31.675,StackonmultipleHL,StackonmultipleHL_tp2_r1_pr2_m2_lay1,STARTED,"High-level execution with subtree: FF_Default_DynamicFlow_StackonmultipleHL_tp2_r1_pr2_m2_lay1; DeltaTime: 0.100",2628076.32
1809,2025-09-08 13:26:35.151,StackonmultipleHL,StackonmultipleHL_tp2_r1_pr2_m2_lay1,FAILED,"Subtree execution failed",2631552.74
1810,2025-09-08 13:26:36.423,NailingHL,NailingHL_tp3_pr3_r1,STARTED,"High-level execution with subtree: FF_Default_DynamicFlow_NailingHL_tp3_pr3_r1; DeltaTime: 0.100",2632824.69
1811,2025-09-08 13:26:39.200,NailingHL,NailingHL_tp3_pr3_r1,FAILED,"Subtree execution failed",2635602.10
1812,2025-09-08 13:26:39.639,NailingHL,NailingHL_tp4_pr4_r1,STARTED,"High-level execution with subtree: FF_Default_DynamicFlow_NailingHL_tp4_pr4_r1; DeltaTime: 0.100",2636040.36
1813,2025-09-08 13:26:42.242,NailingHL,NailingHL_tp4_pr4_r1,FAILED,"Subtree execution failed",2638643.76
1814,2025-09-08 13:26:42.907,PickUpHL,PickUpHL_tp1_fp5_r1,STARTED,"High-level execution with subtree: FF_Default_DynamicFlow_PickUpHL_tp1_fp5_r1; DeltaTime: 0.100",2639308.34
1815,2025-09-08 13:26:45.497,PickUpHL,PickUpHL_tp1_fp5_r1,FAILED,"Subtree execution failed",2641899.19
1816,2025-09-08 13:26:46.122,StackonmultipleHL,StackonmultipleHL_tp2_r1_pr2_m2_lay1,STARTED,"High-level execution with subtree: FF_Default_DynamicFlow_StackonmultipleHL_tp2_r1_pr2_m2_lay1; DeltaTime: 0.100",2642523.33
1817,2025-09-08 13:26:46.148,TravelML,TravelML_r1_fp13_pr2,STARTED,"Normal execution; DeltaTime: 0.100",2642549.93
1818,2025-09-08 13:26:46.149,TravelML,TravelML_r1_fp13_pr2,STARTED,"DeltaTime: 0.100",2642550.67
1819,2025-09-08 13:26:46.198,TravelML,TravelML_r1_fp13_pr2,COMPLETED,"Effects applied successfully",2642600.20
1820,2025-09-08 13:26:46.901,StackonmultipleHL,StackonmultipleHL_tp2_r1_pr2_m2_lay1,STARTED,"High-level execution with subtree: FF_Default_DynamicFlow_StackonmultipleHL_tp2_r1_pr2_m2_lay1; DeltaTime: 0.100",2643303.09
1821,2025-09-08 13:26:46.930,StackML,StackML_tp2_b7_r1_vg1_pr2,STARTED,"Normal execution; DeltaTime: 0.100",2643331.75
1822,2025-09-08 13:26:46.930,StackML,StackML_tp2_b7_r1_vg1_pr2,STARTED,"DeltaTime: 0.100",2643331.98
1823,2025-09-08 13:26:47.024,StackML,StackML_tp2_b7_r1_vg1_pr2,COMPLETED,"Effects applied successfully",2643425.30
1824,2025-09-08 13:26:47.029,StackonmultipleHL,StackonmultipleHL_tp2_r1_pr2_m2_lay1,COMPLETED,"Subtree execution completed successfully",2643430.65
1825,2025-09-08 13:26:47.496,NailingHL,NailingHL_tp2_pr2_r1,STARTED,"High-level execution with subtree: FF_Default_DynamicFlow_NailingHL_tp2_pr2_r1; DeltaTime: 0.100",2643897.55
1826,2025-09-08 13:26:50.609,NailingHL,NailingHL_tp2_pr2_r1,FAILED,"Subtree execution failed",2647010.87
1827,2025-09-08 13:26:51.015,NailingHL,NailingHL_tp3_pr3_r1,STARTED,"High-level execution with subtree: FF_Default_DynamicFlow_NailingHL_tp3_pr3_r1; DeltaTime: 0.100",2647417.12
1828,2025-09-08 13:26:53.630,NailingHL,NailingHL_tp3_pr3_r1,FAILED,"Subtree execution failed",2650032.25
1829,2025-09-08 13:26:54.017,NailingHL,NailingHL_tp4_pr4_r1,STARTED,"High-level execution with subtree: FF_Default_DynamicFlow_NailingHL_tp4_pr4_r1; DeltaTime: 0.100",2650418.60
1830,2025-09-08 13:26:56.637,NailingHL,NailingHL_tp4_pr4_r1,FAILED,"Subtree execution failed",2653038.28
1831,2025-09-08 13:26:57.493,PickUpHL,PickUpHL_tp1_fp5_r1,STARTED,"High-level execution with subtree: FF_Default_DynamicFlow_PickUpHL_tp1_fp5_r1; DeltaTime: 0.100",2653894.32
1832,2025-09-08 13:27:00.095,TravelML,TravelML_r1_pr2_fp5,STARTED,"Normal execution; DeltaTime: 0.100",2656496.53
1833,2025-09-08 13:27:00.095,TravelML,TravelML_r1_pr2_fp5,STARTED,"DeltaTime: 0.100",2656496.81
1834,2025-09-08 13:27:00.142,TravelML,TravelML_r1_pr2_fp5,COMPLETED,"Effects applied successfully",2656543.30
1835,2025-09-08 13:27:00.828,PickUpHL,PickUpHL_tp1_fp5_r1,STARTED,"High-level execution with subtree: FF_Default_DynamicFlow_PickUpHL_tp1_fp5_r1; DeltaTime: 0.100",2657230.23
1836,2025-09-08 13:27:00.860,PickUpML,PickUpML_tp1_fp5_r1_vg1,STARTED,"Normal execution; DeltaTime: 0.100",2657262.20
1837,2025-09-08 13:27:00.861,PickUpML,PickUpML_tp1_fp5_r1_vg1,STARTED,"DeltaTime: 0.100",2657262.66
1838,2025-09-08 13:27:00.928,PickUpML,PickUpML_tp1_fp5_r1_vg1,COMPLETED,"Effects applied successfully",2657330.01
1839,2025-09-08 13:27:00.932,PickUpHL,PickUpHL_tp1_fp5_r1,COMPLETED,"Subtree execution completed successfully",2657333.76
1840,2025-09-08 13:27:01.467,StackonmultipleHL,StackonmultipleHL_tp1_r1_pr1_m1_lay1,STARTED,"High-level execution with subtree: FF_Default_DynamicFlow_StackonmultipleHL_tp1_r1_pr1_m1_lay1; DeltaTime: 0.100",2657868.87
1841,2025-09-08 13:27:04.171,StackonmultipleHL,StackonmultipleHL_tp1_r1_pr1_m1_lay1,FAILED,"Subtree execution failed",2660572.54
1842,2025-09-08 13:27:04.739,NailingHL,NailingHL_tp2_pr2_r1,STARTED,"High-level execution with subtree: FF_Default_DynamicFlow_NailingHL_tp2_pr2_r1; DeltaTime: 0.100",2661140.82
1843,2025-09-08 13:27:07.602,NailingHL,NailingHL_tp2_pr2_r1,FAILED,"Subtree execution failed",2664003.68
1844,2025-09-08 13:27:08.225,NailingHL,NailingHL_tp3_pr3_r1,STARTED,"High-level execution with subtree: FF_Default_DynamicFlow_NailingHL_tp3_pr3_r1; DeltaTime: 0.100",2664626.53
1845,2025-09-08 13:27:11.547,NailingHL,NailingHL_tp3_pr3_r1,FAILED,"Subtree execution failed",2667948.62
1846,2025-09-08 13:27:13.432,NailingHL,NailingHL_tp4_pr4_r1,STARTED,"High-level execution with subtree: FF_Default_DynamicFlow_NailingHL_tp4_pr4_r1; DeltaTime: 0.100",2669833.65
1847,2025-09-08 13:27:16.599,NailingHL,NailingHL_tp4_pr4_r1,FAILED,"Subtree execution failed",2673000.92
1848,2025-09-08 13:27:17.687,StackonmultipleHL,StackonmultipleHL_tp1_r1_pr1_m1_lay1,STARTED,"High-level execution with subtree: FF_Default_DynamicFlow_StackonmultipleHL_tp1_r1_pr1_m1_lay1; DeltaTime: 0.100",2674089.11
1849,2025-09-08 13:27:17.707,TravelML,TravelML_r1_fp5_pr1,STARTED,"Normal execution; DeltaTime: 0.100",2674108.33
1850,2025-09-08 13:27:17.707,TravelML,TravelML_r1_fp5_pr1,STARTED,"DeltaTime: 0.100",2674108.65
1851,2025-09-08 13:27:17.757,TravelML,TravelML_r1_fp5_pr1,COMPLETED,"Effects applied successfully",2674158.65
1852,2025-09-08 13:27:18.484,StackonmultipleHL,StackonmultipleHL_tp1_r1_pr1_m1_lay1,STARTED,"High-level execution with subtree: FF_Default_DynamicFlow_StackonmultipleHL_tp1_r1_pr1_m1_lay1; DeltaTime: 0.100",2674885.43
1853,2025-09-08 13:27:18.508,StackML,StackML_tp1_b1_r1_vg1_pr1,STARTED,"Normal execution; DeltaTime: 0.100",2674909.65
1854,2025-09-08 13:27:18.508,StackML,StackML_tp1_b1_r1_vg1_pr1,STARTED,"DeltaTime: 0.100",2674909.91
1855,2025-09-08 13:27:18.601,StackML,StackML_tp1_b1_r1_vg1_pr1,COMPLETED,"Effects applied successfully",2675002.55
1856,2025-09-08 13:27:18.605,StackonmultipleHL,StackonmultipleHL_tp1_r1_pr1_m1_lay1,COMPLETED,"Subtree execution completed successfully",2675006.63
1857,2025-09-08 13:27:19.134,NailingHL,NailingHL_tp1_pr1_r1,STARTED,"High-level execution with subtree: FF_Default_DynamicFlow_NailingHL_tp1_pr1_r1; DeltaTime: 0.100",2675536.05
1858,2025-09-08 13:27:21.924,NailingHL,NailingHL_tp1_pr1_r1,FAILED,"Subtree execution failed",2678326.26
1859,2025-09-08 13:27:22.369,NailingHL,NailingHL_tp2_pr2_r1,STARTED,"High-level execution with subtree: FF_Default_DynamicFlow_NailingHL_tp2_pr2_r1; DeltaTime: 0.100",2678770.53
1860,2025-09-08 13:27:25.155,NailingHL,NailingHL_tp2_pr2_r1,FAILED,"Subtree execution failed",2681556.60
1861,2025-09-08 13:27:25.687,NailingHL,NailingHL_tp3_pr3_r1,STARTED,"High-level execution with subtree: FF_Default_DynamicFlow_NailingHL_tp3_pr3_r1; DeltaTime: 0.100",2682089.16
1862,2025-09-08 13:27:28.309,NailingHL,NailingHL_tp3_pr3_r1,FAILED,"Subtree execution failed",2684711.15
1863,2025-09-08 13:27:29.027,NailingHL,NailingHL_tp4_pr4_r1,STARTED,"High-level execution with subtree: FF_Default_DynamicFlow_NailingHL_tp4_pr4_r1; DeltaTime: 0.100",2685429.04
1864,2025-09-08 13:27:31.850,TravelML,TravelML_r1_pr1_ep1,STARTED,"Normal execution; DeltaTime: 0.100",2688252.21
1865,2025-09-08 13:27:31.851,TravelML,TravelML_r1_pr1_ep1,STARTED,"DeltaTime: 0.100",2688252.48
1866,2025-09-08 13:27:31.899,TravelML,TravelML_r1_pr1_ep1,COMPLETED,"Effects applied successfully",2688300.75
1867,2025-09-08 13:27:32.539,NailingHL,NailingHL_tp4_pr4_r1,STARTED,"High-level execution with subtree: FF_Default_DynamicFlow_NailingHL_tp4_pr4_r1; DeltaTime: 0.100",2688941.18
1868,2025-09-08 13:27:32.587,CloseToolML,CloseToolML_r1_vg1,STARTED,"Normal execution; DeltaTime: 0.100",2688988.85
1869,2025-09-08 13:27:32.587,CloseToolML,CloseToolML_r1_vg1,STARTED,"DeltaTime: 0.100",2688989.24
1870,2025-09-08 13:27:32.628,CloseToolML,CloseToolML_r1_vg1,COMPLETED,"Effects applied successfully",2689030.02
1871,2025-09-08 13:27:33.256,NailingHL,NailingHL_tp4_pr4_r1,STARTED,"High-level execution with subtree: FF_Default_DynamicFlow_NailingHL_tp4_pr4_r1; DeltaTime: 0.100",2689658.06
1872,2025-09-08 13:27:33.307,DeequipML,DeequipML_r1_vg1_ep1,STARTED,"Normal execution; DeltaTime: 0.100",2689709.25
1873,2025-09-08 13:27:33.308,DeequipML,DeequipML_r1_vg1_ep1,STARTED,"DeltaTime: 0.100",2689709.59
1874,2025-09-08 13:27:33.381,DeequipML,DeequipML_r1_vg1_ep1,COMPLETED,"Effects applied successfully",2689782.33
1875,2025-09-08 13:27:34.045,NailingHL,NailingHL_tp4_pr4_r1,STARTED,"High-level execution with subtree: FF_Default_DynamicFlow_NailingHL_tp4_pr4_r1; DeltaTime: 0.100",2690446.62
1876,2025-09-08 13:27:34.103,TravelML,TravelML_r1_ep1_ep3,STARTED,"Normal execution; DeltaTime: 0.100",2690504.92
1877,2025-09-08 13:27:34.103,TravelML,TravelML_r1_ep1_ep3,STARTED,"DeltaTime: 0.100",2690505.21
1878,2025-09-08 13:27:34.149,TravelML,TravelML_r1_ep1_ep3,COMPLETED,"Effects applied successfully",2690551.09
1879,2025-09-08 13:27:34.933,NailingHL,NailingHL_tp4_pr4_r1,STARTED,"High-level execution with subtree: FF_Default_DynamicFlow_NailingHL_tp4_pr4_r1; DeltaTime: 0.100",2691334.56
1880,2025-09-08 13:27:34.987,EquipeML,EquipeML_r1_ng1_ep3,STARTED,"Normal execution; DeltaTime: 0.100",2691389.03
1881,2025-09-08 13:27:34.988,EquipeML,EquipeML_r1_ng1_ep3,STARTED,"DeltaTime: 0.100",2691389.47
1882,2025-09-08 13:27:35.064,EquipeML,EquipeML_r1_ng1_ep3,COMPLETED,"Effects applied successfully",2691465.88
1883,2025-09-08 13:27:35.717,NailingHL,NailingHL_tp4_pr4_r1,STARTED,"High-level execution with subtree: FF_Default_DynamicFlow_NailingHL_tp4_pr4_r1; DeltaTime: 0.100",2692118.86
1884,2025-09-08 13:27:35.765,TravelML,TravelML_r1_ep3_pr4,STARTED,"Normal execution; DeltaTime: 0.100",2692166.69
1885,2025-09-08 13:27:35.765,TravelML,TravelML_r1_ep3_pr4,STARTED,"DeltaTime: 0.100",2692167.08
1886,2025-09-08 13:27:35.817,TravelML,TravelML_r1_ep3_pr4,COMPLETED,"Effects applied successfully",2692219.01
1887,2025-09-08 13:27:36.430,NailingHL,NailingHL_tp4_pr4_r1,STARTED,"High-level execution with subtree: FF_Default_DynamicFlow_NailingHL_tp4_pr4_r1; DeltaTime: 0.100",2692831.42
1888,2025-09-08 13:27:36.475,InitializeML,InitializeML_r1_ng1,STARTED,"Normal execution; DeltaTime: 0.100",2692877.15
1889,2025-09-08 13:27:36.476,InitializeML,InitializeML_r1_ng1,STARTED,"DeltaTime: 0.100",2692877.68
1890,2025-09-08 13:27:36.519,InitializeML,InitializeML_r1_ng1,COMPLETED,"Effects applied successfully",2692920.65
1891,2025-09-08 13:27:37.134,NailingHL,NailingHL_tp4_pr4_r1,STARTED,"High-level execution with subtree: FF_Default_DynamicFlow_NailingHL_tp4_pr4_r1; DeltaTime: 0.100",2693536.07
1892,2025-09-08 13:27:37.179,NailingML,NailingML_tp4_pr4_r1_ng1,STARTED,"Normal execution; DeltaTime: 0.100",2693581.17
1893,2025-09-08 13:27:37.180,NailingML,NailingML_tp4_pr4_r1_ng1,STARTED,"DeltaTime: 0.100",2693581.47
1894,2025-09-08 13:27:37.219,NailingML,NailingML_tp4_pr4_r1_ng1,COMPLETED,"Effects applied successfully",2693620.81
1895,2025-09-08 13:27:37.223,NailingHL,NailingHL_tp4_pr4_r1,COMPLETED,"Subtree execution completed successfully",2693625.02
1896,2025-09-08 13:27:38.056,NailingHL,NailingHL_tp1_pr1_r1,STARTED,"High-level execution with subtree: FF_Default_DynamicFlow_NailingHL_tp1_pr1_r1; DeltaTime: 0.100",2694457.52
1897,2025-09-08 13:27:40.683,NailingHL,NailingHL_tp1_pr1_r1,FAILED,"Subtree execution failed",2697084.67
1898,2025-09-08 13:27:41.148,NailingHL,NailingHL_tp2_pr2_r1,STARTED,"High-level execution with subtree: FF_Default_DynamicFlow_NailingHL_tp2_pr2_r1; DeltaTime: 0.100",2697549.32
1899,2025-09-08 13:27:43.937,NailingHL,NailingHL_tp2_pr2_r1,FAILED,"Subtree execution failed",2700338.69
1900,2025-09-08 13:27:44.433,NailingHL,NailingHL_tp3_pr3_r1,STARTED,"High-level execution with subtree: FF_Default_DynamicFlow_NailingHL_tp3_pr3_r1; DeltaTime: 0.100",2700834.73
1901,2025-09-08 13:27:46.952,TravelML,TravelML_r1_pr4_pr3,STARTED,"Normal execution; DeltaTime: 0.100",2703354.20
1902,2025-09-08 13:27:46.953,TravelML,TravelML_r1_pr4_pr3,STARTED,"DeltaTime: 0.100",2703354.51
1903,2025-09-08 13:27:46.999,TravelML,TravelML_r1_pr4_pr3,COMPLETED,"Effects applied successfully",2703400.38
1904,2025-09-08 13:27:47.614,NailingHL,NailingHL_tp3_pr3_r1,STARTED,"High-level execution with subtree: FF_Default_DynamicFlow_NailingHL_tp3_pr3_r1; DeltaTime: 0.100",2704016.10
1905,2025-09-08 13:27:47.642,NailingML,NailingML_tp3_pr3_r1_ng1,STARTED,"Normal execution; DeltaTime: 0.100",2704044.20
1906,2025-09-08 13:27:47.643,NailingML,NailingML_tp3_pr3_r1_ng1,STARTED,"DeltaTime: 0.100",2704044.52
1907,2025-09-08 13:27:47.690,NailingML,NailingML_tp3_pr3_r1_ng1,COMPLETED,"Effects applied successfully",2704092.15
1908,2025-09-08 13:27:47.695,NailingHL,NailingHL_tp3_pr3_r1,COMPLETED,"Subtree execution completed successfully",2704096.36
1909,2025-09-08 13:27:48.633,NailingHL,NailingHL_tp1_pr1_r1,STARTED,"High-level execution with subtree: FF_Default_DynamicFlow_NailingHL_tp1_pr1_r1; DeltaTime: 0.100",2705035.24
1910,2025-09-08 13:27:51.197,NailingHL,NailingHL_tp1_pr1_r1,FAILED,"Subtree execution failed",2707598.85
1911,2025-09-08 13:27:51.671,NailingHL,NailingHL_tp2_pr2_r1,STARTED,"High-level execution with subtree: FF_Default_DynamicFlow_NailingHL_tp2_pr2_r1; DeltaTime: 0.100",2708072.75
1912,2025-09-08 13:27:54.479,TravelML,TravelML_r1_pr3_pr2,STARTED,"Normal execution; DeltaTime: 0.100",2710880.72
1913,2025-09-08 13:27:54.479,TravelML,TravelML_r1_pr3_pr2,STARTED,"DeltaTime: 0.100",2710881.00
1914,2025-09-08 13:27:54.531,TravelML,TravelML_r1_pr3_pr2,COMPLETED,"Effects applied successfully",2710932.65
1915,2025-09-08 13:27:55.220,NailingHL,NailingHL_tp2_pr2_r1,STARTED,"High-level execution with subtree: FF_Default_DynamicFlow_NailingHL_tp2_pr2_r1; DeltaTime: 0.100",2711621.93
1916,2025-09-08 13:27:55.246,NailingML,NailingML_tp2_pr2_r1_ng1,STARTED,"Normal execution; DeltaTime: 0.100",2711647.85
1917,2025-09-08 13:27:55.246,NailingML,NailingML_tp2_pr2_r1_ng1,STARTED,"DeltaTime: 0.100",2711648.22
1918,2025-09-08 13:27:55.291,NailingML,NailingML_tp2_pr2_r1_ng1,COMPLETED,"Effects applied successfully",2711692.53
1919,2025-09-08 13:27:55.296,NailingHL,NailingHL_tp2_pr2_r1,COMPLETED,"Subtree execution completed successfully",2711697.65
1920,2025-09-08 13:27:56.612,NailingHL,NailingHL_tp1_pr1_r1,STARTED,"High-level execution with subtree: FF_Default_DynamicFlow_NailingHL_tp1_pr1_r1; DeltaTime: 0.100",2713013.81
1921,2025-09-08 13:27:59.177,TravelML,TravelML_r1_pr2_pr1,STARTED,"Normal execution; DeltaTime: 0.100",2715578.94
1922,2025-09-08 13:27:59.177,TravelML,TravelML_r1_pr2_pr1,STARTED,"DeltaTime: 0.100",2715579.20
1923,2025-09-08 13:27:59.225,TravelML,TravelML_r1_pr2_pr1,COMPLETED,"Effects applied successfully",2715627.17
1924,2025-09-08 13:27:59.856,NailingHL,NailingHL_tp1_pr1_r1,STARTED,"High-level execution with subtree: FF_Default_DynamicFlow_NailingHL_tp1_pr1_r1; DeltaTime: 0.100",2716257.87
1925,2025-09-08 13:27:59.880,NailingML,NailingML_tp1_pr1_r1_ng1,STARTED,"Normal execution; DeltaTime: 0.100",2716281.73
1926,2025-09-08 13:27:59.880,NailingML,NailingML_tp1_pr1_r1_ng1,STARTED,"DeltaTime: 0.100",2716282.08
1927,2025-09-08 13:27:59.928,NailingML,NailingML_tp1_pr1_r1_ng1,COMPLETED,"Effects applied successfully",2716330.09
1928,2025-09-08 13:27:59.933,NailingHL,NailingHL_tp1_pr1_r1,COMPLETED,"Subtree execution completed successfully",2716334.70
